Resource,Derating_Factor_1,Derating_Factor_2,Derating_Factor_3,Derating_Factor_4,Derating_Factor_5,Derating_Factor_6,Derating_Factor_7
hubei_hydro_existing,0.0,0.0,0.0,0.9,0.0,0.0,0.0
sichuan_hydro_existing,0.0,0.0,0.0,0.0,0.9,0.0,0.0
xizang_hydro_existing,0.0,0.0,0.0,0.0,0.9,0.0,0.0
qinghai_hydro_existing,0.0,0.0,0.0,0.0,0.0,0.9,0.0
guizhou_hydro_existing,0.0,0.0,0.0,0.0,0.0,0.0,0.9
yunnan_hydro_existing,0.0,0.0,0.0,0.0,0.0,0.0,0.9
SC2fufeng_hydro_existing,0.0,0.0,0.9,0.0,0.0,0.0,0.0
SC2jinsu_hydro_existing,0.0,0.0,0.9,0.0,0.0,0.0,0.0
SC2binjin_hydro_existing,0.0,0.0,0.9,0.0,0.0,0.0,0.0
SC2yahu_hydro_existing,0.0,0.0,0.0,0.9,0.0,0.0,0.0
SC2jiansu_hydro_existing,0.0,0.0,0.9,0.0,0.0,0.0,0.0
SC2jintang_hydro_existing,0.0,0.0,0.9,0.0,0.0,0.0,0.0
QH2qingyu_hydro_existing,0.0,0.0,0.0,0.9,0.0,0.0,0.0
YN2chusui_hydro_existing,0.0,0.0,0.0,0.0,0.0,0.0,0.9
YN2puqiao_hydro_existing,0.0,0.0,0.0,0.0,0.0,0.0,0.9
YN2xindong_hydro_existing,0.0,0.0,0.0,0.0,0.0,0.0,0.9
YN2kunliu_hydro_existing,0.0,0.0,0.0,0.0,0.0,0.0,0.9
YN2kunliulong_hydro_existing,0.0,0.0,0.0,0.0,0.0,0.0,0.9
YN2lugao_hydro_existing,0.0,0.0,0.0,0.0,0.0,0.0,0.9
GZ2gaozhao_hydro_existing,0.0,0.0,0.0,0.0,0.0,0.0,0.9
YN2jinzhong_hydro_existing,0.0,0.0,0.0,0.0,0.0,0.0,0.9
YN2yongfu_hydro_existing,0.0,0.0,0.0,0.0,0.0,0.0,0.9
GZ2xingan_hydro_existing,0.0,0.0,0.0,0.0,0.0,0.0,0.9
YN2niucong_hydro_existing,0.0,0.0,0.0,0.0,0.0,0.0,0.9
GZ2tianguang_hydro_existing,0.0,0.0,0.0,0.0,0.0,0.0,0.9
HB2sanxiahuazhong_hydro_existing,0.0,0.0,0.0,0.9,0.0,0.0,0.0
HB2sanxialinfenggenanyihua_hydro_existing,0.0,0.0,0.9,0.0,0.0,0.0,0.0
HB2sanxialongzheng_hydro_existing,0.0,0.0,0.9,0.0,0.0,0.0,0.0
HB2sanxiajiangcheng_hydro_existing,0.0,0.0,0.0,0.0,0.0,0.0,0.9
sichuan_hydro_existing2030,0.0,0.0,0.0,0.0,0.9,0.0,0.0
xizang_hydro_existing2030,0.0,0.0,0.0,0.0,0.9,0.0,0.0
qinghai_hydro_existing2030,0.0,0.0,0.0,0.0,0.0,0.9,0.0
guizhou_hydro_existing2030,0.0,0.0,0.0,0.0,0.0,0.0,0.9
yunnan_hydro_existing2030,0.0,0.0,0.0,0.0,0.0,0.0,0.9
XZ2zangyu_hydro_existing2030,0.0,0.0,0.0,0.0,0.9,0.0,0.0
SC2jinshang_hydro_existing2030,0.0,0.0,0.0,0.9,0.0,0.0,0.0
XZ2guangdong_hydro_existing2030,0.0,0.0,0.0,0.0,0.0,0.0,0.9
sichuan_hydro_candidate,0.0,0.0,0.0,0.0,0.9,0.0,0.0
XZ2henan_hydro_candidate,0.0,0.0,0.0,0.9,0.0,0.0,0.0
XZ2hubei_hydro_candidate,0.0,0.0,0.0,0.9,0.0,0.0,0.0
XZ2hunan_hydro_candidate,0.0,0.0,0.0,0.9,0.0,0.0,0.0
XZ2sichuan_hydro_candidate,0.0,0.0,0.0,0.0,0.9,0.0,0.0
xizang_hydro_candidate,0.0,0.0,0.0,0.0,0.9,0.0,0.0
qinghai_hydro_candidate,0.0,0.0,0.0,0.0,0.0,0.9,0.0
guizhou_hydro_candidate,0.0,0.0,0.0,0.0,0.0,0.0,0.9
yunnan_hydro_candidate,0.0,0.0,0.0,0.0,0.0,0.0,0.9
XZ2zangyu_hydro_candidate,0.0,0.0,0.0,0.0,0.9,0.0,0.0
shandong_nuclear_existing,0.9,0.0,0.0,0.0,0.0,0.0,0.0
shandong_nuclear_existing2030,0.9,0.0,0.0,0.0,0.0,0.0,0.0
liaoning_nuclear_existing,0.0,0.9,0.0,0.0,0.0,0.0,0.0
liaoning_nuclear_existing2030,0.0,0.9,0.0,0.0,0.0,0.0,0.0
jiangsu_nuclear_existing,0.0,0.0,0.9,0.0,0.0,0.0,0.0
jiangsu_nuclear_existing2030,0.0,0.0,0.9,0.0,0.0,0.0,0.0
zhejiang_nuclear_existing,0.0,0.0,0.9,0.0,0.0,0.0,0.0
zhejiang_nuclear_existing2030,0.0,0.0,0.9,0.0,0.0,0.0,0.0
fujian_nuclear_existing,0.0,0.0,0.9,0.0,0.0,0.0,0.0
fujian_nuclear_existing2030,0.0,0.0,0.9,0.0,0.0,0.0,0.0
guangdong_nuclear_existing,0.0,0.0,0.0,0.0,0.0,0.0,0.9
guangdong_nuclear_existing2030,0.0,0.0,0.0,0.0,0.0,0.0,0.9
guangxi_nuclear_existing,0.0,0.0,0.0,0.0,0.0,0.0,0.9
guangxi_nuclear_existing2030,0.0,0.0,0.0,0.0,0.0,0.0,0.9
hainan_nuclear_existing,0.0,0.0,0.0,0.0,0.0,0.0,0.9
hainan_nuclear_existing2030,0.0,0.0,0.0,0.0,0.0,0.0,0.9
beijing_biomass_existing,0.85,0.0,0.0,0.0,0.0,0.0,0.0
tianjin_biomass_existing,0.85,0.0,0.0,0.0,0.0,0.0,0.0
jibei_biomass_existing,0.85,0.0,0.0,0.0,0.0,0.0,0.0
jinan_biomass_existing,0.85,0.0,0.0,0.0,0.0,0.0,0.0
shanxi_biomass_existing,0.85,0.0,0.0,0.0,0.0,0.0,0.0
shandong_biomass_existing,0.85,0.0,0.0,0.0,0.0,0.0,0.0
mengxi_biomass_existing,0.85,0.0,0.0,0.0,0.0,0.0,0.0
mengdong_biomass_existing,0.0,0.85,0.0,0.0,0.0,0.0,0.0
liaoning_biomass_existing,0.0,0.85,0.0,0.0,0.0,0.0,0.0
jilin_biomass_existing,0.0,0.85,0.0,0.0,0.0,0.0,0.0
heilongjiang_biomass_existing,0.0,0.85,0.0,0.0,0.0,0.0,0.0
shanghai_biomass_existing,0.0,0.0,0.85,0.0,0.0,0.0,0.0
jiangsu_biomass_existing,0.0,0.0,0.85,0.0,0.0,0.0,0.0
zhejiang_biomass_existing,0.0,0.0,0.85,0.0,0.0,0.0,0.0
anhui_biomass_existing,0.0,0.0,0.85,0.0,0.0,0.0,0.0
fujian_biomass_existing,0.0,0.0,0.85,0.0,0.0,0.0,0.0
jiangxi_biomass_existing,0.0,0.0,0.0,0.85,0.0,0.0,0.0
henan_biomass_existing,0.0,0.0,0.0,0.85,0.0,0.0,0.0
hubei_biomass_existing,0.0,0.0,0.0,0.85,0.0,0.0,0.0
hunan_biomass_existing,0.0,0.0,0.0,0.85,0.0,0.0,0.0
chongqing_biomass_existing,0.0,0.0,0.0,0.0,0.85,0.0,0.0
sichuan_biomass_existing,0.0,0.0,0.0,0.0,0.85,0.0,0.0
xizang_biomass_existing,0.0,0.0,0.0,0.0,0.85,0.0,0.0
shaanxi_biomass_existing,0.0,0.0,0.0,0.0,0.0,0.85,0.0
gansu_biomass_existing,0.0,0.0,0.0,0.0,0.0,0.85,0.0
qinghai_biomass_existing,0.0,0.0,0.0,0.0,0.0,0.85,0.0
ningxia_biomass_existing,0.0,0.0,0.0,0.0,0.0,0.85,0.0
xinjiang_biomass_existing,0.0,0.0,0.0,0.0,0.0,0.85,0.0
guangdong_biomass_existing,0.0,0.0,0.0,0.0,0.0,0.0,0.85
guangxi_biomass_existing,0.0,0.0,0.0,0.0,0.0,0.0,0.85
hainan_biomass_existing,0.0,0.0,0.0,0.0,0.0,0.0,0.85
guizhou_biomass_existing,0.0,0.0,0.0,0.0,0.0,0.0,0.85
yunnan_biomass_existing,0.0,0.0,0.0,0.0,0.0,0.0,0.85
shandong_nuclear_candidate,0.9,0.0,0.0,0.0,0.0,0.0,0.0
liaoning_nuclear_candidate,0.0,0.9,0.0,0.0,0.0,0.0,0.0
jiangsu_nuclear_candidate,0.0,0.0,0.9,0.0,0.0,0.0,0.0
zhejiang_nuclear_candidate,0.0,0.0,0.9,0.0,0.0,0.0,0.0
fujian_nuclear_candidate,0.0,0.0,0.9,0.0,0.0,0.0,0.0
guangdong_nuclear_candidate,0.0,0.0,0.0,0.0,0.0,0.0,0.9
guangxi_nuclear_candidate,0.0,0.0,0.0,0.0,0.0,0.0,0.9
hainan_nuclear_candidate,0.0,0.0,0.0,0.0,0.0,0.0,0.9
beijing_hydro_existing,0.9,0.0,0.0,0.0,0.0,0.0,0.0
jibei_hydro_existing,0.9,0.0,0.0,0.0,0.0,0.0,0.0
jinan_hydro_existing,0.9,0.0,0.0,0.0,0.0,0.0,0.0
shanxi_hydro_existing,0.9,0.0,0.0,0.0,0.0,0.0,0.0
shandong_hydro_existing,0.9,0.0,0.0,0.0,0.0,0.0,0.0
mengxi_hydro_existing,0.9,0.0,0.0,0.0,0.0,0.0,0.0
mengdong_hydro_existing,0.0,0.9,0.0,0.0,0.0,0.0,0.0
liaoning_hydro_existing,0.0,0.9,0.0,0.0,0.0,0.0,0.0
jilin_hydro_existing,0.0,0.9,0.0,0.0,0.0,0.0,0.0
heilongjiang_hydro_existing,0.0,0.9,0.0,0.0,0.0,0.0,0.0
jiangsu_hydro_existing,0.0,0.0,0.9,0.0,0.0,0.0,0.0
zhejiang_hydro_existing,0.0,0.0,0.9,0.0,0.0,0.0,0.0
anhui_hydro_existing,0.0,0.0,0.9,0.0,0.0,0.0,0.0
fujian_hydro_existing,0.0,0.0,0.9,0.0,0.0,0.0,0.0
jiangxi_hydro_existing,0.0,0.0,0.0,0.9,0.0,0.0,0.0
henan_hydro_existing,0.0,0.0,0.0,0.9,0.0,0.0,0.0
hunan_hydro_existing,0.0,0.0,0.0,0.9,0.0,0.0,0.0
chongqing_hydro_existing,0.0,0.0,0.0,0.0,0.9,0.0,0.0
shaanxi_hydro_existing,0.0,0.0,0.0,0.0,0.0,0.9,0.0
gansu_hydro_existing,0.0,0.0,0.0,0.0,0.0,0.9,0.0
ningxia_hydro_existing,0.0,0.0,0.0,0.0,0.0,0.9,0.0
xinjiang_hydro_existing,0.0,0.0,0.0,0.0,0.0,0.9,0.0
guangdong_hydro_existing,0.0,0.0,0.0,0.0,0.0,0.0,0.9
guangxi_hydro_existing,0.0,0.0,0.0,0.0,0.0,0.0,0.9
hainan_hydro_existing,0.0,0.0,0.0,0.0,0.0,0.0,0.9
jibei_hydro_candidate,0.9,0.0,0.0,0.0,0.0,0.0,0.0
shanxi_hydro_existing2030,0.9,0.0,0.0,0.0,0.0,0.0,0.0
chongqing_hydro_existing2030,0.0,0.0,0.0,0.0,0.9,0.0,0.0
xinjiang_hydro_existing2030,0.0,0.0,0.0,0.0,0.0,0.9,0.0
gansu_hydro_existing2030,0.0,0.0,0.0,0.0,0.0,0.9,0.0
shanxi_hydro_candidate,0.9,0.0,0.0,0.0,0.0,0.0,0.0
chongqing_hydro_candidate,0.0,0.0,0.0,0.0,0.9,0.0,0.0
xinjiang_hydro_candidate,0.0,0.0,0.0,0.0,0.0,0.9,0.0
gansu_hydro_candidate,0.0,0.0,0.0,0.0,0.0,0.9,0.0
beijing_battery_existing,0.3,0.0,0.0,0.0,0.0,0.0,0.0
tianjin_battery_existing,0.3,0.0,0.0,0.0,0.0,0.0,0.0
jibei_battery_existing,0.3,0.0,0.0,0.0,0.0,0.0,0.0
jinan_battery_existing,0.3,0.0,0.0,0.0,0.0,0.0,0.0
shanxi_battery_existing,0.3,0.0,0.0,0.0,0.0,0.0,0.0
shandong_battery_existing,0.3,0.0,0.0,0.0,0.0,0.0,0.0
mengxi_battery_existing,0.3,0.0,0.0,0.0,0.0,0.0,0.0
mengdong_battery_existing,0.0,0.3,0.0,0.0,0.0,0.0,0.0
liaoning_battery_existing,0.0,0.3,0.0,0.0,0.0,0.0,0.0
jilin_battery_existing,0.0,0.3,0.0,0.0,0.0,0.0,0.0
heilongjiang_battery_existing,0.0,0.3,0.0,0.0,0.0,0.0,0.0
shanghai_battery_existing,0.0,0.0,0.3,0.0,0.0,0.0,0.0
jiangsu_battery_existing,0.0,0.0,0.3,0.0,0.0,0.0,0.0
zhejiang_battery_existing,0.0,0.0,0.3,0.0,0.0,0.0,0.0
anhui_battery_existing,0.0,0.0,0.3,0.0,0.0,0.0,0.0
fujian_battery_existing,0.0,0.0,0.3,0.0,0.0,0.0,0.0
jiangxi_battery_existing,0.0,0.0,0.0,0.3,0.0,0.0,0.0
henan_battery_existing,0.0,0.0,0.0,0.3,0.0,0.0,0.0
hubei_battery_existing,0.0,0.0,0.0,0.3,0.0,0.0,0.0
hunan_battery_existing,0.0,0.0,0.0,0.3,0.0,0.0,0.0
chongqing_battery_existing,0.0,0.0,0.0,0.0,0.3,0.0,0.0
sichuan_battery_existing,0.0,0.0,0.0,0.0,0.3,0.0,0.0
xizang_battery_existing,0.0,0.0,0.0,0.0,0.3,0.0,0.0
shaanxi_battery_existing,0.0,0.0,0.0,0.0,0.0,0.3,0.0
gansu_battery_existing,0.0,0.0,0.0,0.0,0.0,0.3,0.0
qinghai_battery_existing,0.0,0.0,0.0,0.0,0.0,0.3,0.0
ningxia_battery_existing,0.0,0.0,0.0,0.0,0.0,0.3,0.0
xinjiang_battery_existing,0.0,0.0,0.0,0.0,0.0,0.3,0.0
guangdong_battery_existing,0.0,0.0,0.0,0.0,0.0,0.0,0.3
guangxi_battery_existing,0.0,0.0,0.0,0.0,0.0,0.0,0.3
hainan_battery_existing,0.0,0.0,0.0,0.0,0.0,0.0,0.3
guizhou_battery_existing,0.0,0.0,0.0,0.0,0.0,0.0,0.3
yunnan_battery_existing,0.0,0.0,0.0,0.0,0.0,0.0,0.3
SAX2shanwu_battery_existing,0.0,0.0,0.0,0.3,0.0,0.0,0.0
NX2zhongheng_battery_existing,0.0,0.0,0.0,0.3,0.0,0.0,0.0
XJ2kunyu_battery_existing,0.0,0.0,0.0,0.0,0.3,0.0,0.0
QH2qingyu_battery_existing,0.0,0.0,0.0,0.3,0.0,0.0,0.0
GS2longdong_battery_existing,0.3,0.0,0.0,0.0,0.0,0.0,0.0
tianjin_battery_existing20301,0.3,0.0,0.0,0.0,0.0,0.0,0.0
jibei_battery_existing20301,0.3,0.0,0.0,0.0,0.0,0.0,0.0
jinan_battery_existing20301,0.3,0.0,0.0,0.0,0.0,0.0,0.0
shanxi_battery_existing20301,0.3,0.0,0.0,0.0,0.0,0.0,0.0
shandong_battery_existing20301,0.3,0.0,0.0,0.0,0.0,0.0,0.0
mengxi_battery_existing20301,0.3,0.0,0.0,0.0,0.0,0.0,0.0
mengdong_battery_existing20301,0.0,0.3,0.0,0.0,0.0,0.0,0.0
liaoning_battery_existing20301,0.0,0.3,0.0,0.0,0.0,0.0,0.0
jilin_battery_existing20301,0.0,0.3,0.0,0.0,0.0,0.0,0.0
heilongjiang_battery_existing20301,0.0,0.3,0.0,0.0,0.0,0.0,0.0
shanghai_battery_existing20301,0.0,0.0,0.3,0.0,0.0,0.0,0.0
zhejiang_battery_existing20301,0.0,0.0,0.3,0.0,0.0,0.0,0.0
anhui_battery_existing20301,0.0,0.0,0.3,0.0,0.0,0.0,0.0
fujian_battery_existing20301,0.0,0.0,0.3,0.0,0.0,0.0,0.0
jiangxi_battery_existing20301,0.0,0.0,0.0,0.3,0.0,0.0,0.0
henan_battery_existing20301,0.0,0.0,0.0,0.3,0.0,0.0,0.0
hubei_battery_existing20301,0.0,0.0,0.0,0.3,0.0,0.0,0.0
hunan_battery_existing20301,0.0,0.0,0.0,0.3,0.0,0.0,0.0
sichuan_battery_existing20301,0.0,0.0,0.0,0.0,0.3,0.0,0.0
xizang_battery_existing20301,0.0,0.0,0.0,0.0,0.3,0.0,0.0
shaanxi_battery_existing20301,0.0,0.0,0.0,0.0,0.0,0.3,0.0
gansu_battery_existing20301,0.0,0.0,0.0,0.0,0.0,0.3,0.0
qinghai_battery_existing20301,0.0,0.0,0.0,0.0,0.0,0.3,0.0
ningxia_battery_existing20301,0.0,0.0,0.0,0.0,0.0,0.3,0.0
xinjiang_battery_existing20301,0.0,0.0,0.0,0.0,0.0,0.3,0.0
guangdong_battery_existing20301,0.0,0.0,0.0,0.0,0.0,0.0,0.3
guangxi_battery_existing20301,0.0,0.0,0.0,0.0,0.0,0.0,0.3
hainan_battery_existing20301,0.0,0.0,0.0,0.0,0.0,0.0,0.3
guizhou_battery_existing20301,0.0,0.0,0.0,0.0,0.0,0.0,0.3
yunnan_battery_existing20301,0.0,0.0,0.0,0.0,0.0,0.0,0.3
SAX2shanwan_battery_existing2030,0.0,0.0,0.3,0.0,0.0,0.0,0.0
GS2ganzhe_battery_existing2030,0.0,0.0,0.3,0.0,0.0,0.0,0.0
QH2qinggui_battery_existing2030,0.0,0.0,0.0,0.0,0.0,0.0,0.3
SAX2shanyu_battery_existing2030,0.0,0.0,0.0,0.3,0.0,0.0,0.0
XJ2ruoqiang_battery_existing2030,0.0,0.0,0.0,0.0,0.3,0.0,0.0
GS2ganchuan_battery_existing2030,0.0,0.0,0.0,0.0,0.3,0.0,0.0
QH2qingyue_battery_existing2030,0.0,0.0,0.0,0.0,0.0,0.0,0.3
MX2menggan_battery_existing2030,0.0,0.0,0.0,0.3,0.0,0.0,0.0
MX2menghu_battery_existing2030,0.0,0.0,0.3,0.0,0.0,0.0,0.0
MX2mengsu_battery_existing2030,0.0,0.0,0.3,0.0,0.0,0.0,0.0
MX2mengwan_battery_existing2030,0.0,0.0,0.3,0.0,0.0,0.0,0.0
JL2songliao_battery_existing2030,0.3,0.0,0.0,0.0,0.0,0.0,0.0
MX2jilu_battery_existing2030,0.3,0.0,0.0,0.0,0.0,0.0,0.0
MX2jingjinji_battery_existing2030,0.0,0.0,0.0,0.0,0.0,0.0,0.0
beijing_battery_candidate1,0.3,0.0,0.0,0.0,0.0,0.0,0.0
tianjin_battery_candidate1,0.3,0.0,0.0,0.0,0.0,0.0,0.0
jibei_battery_candidate1,0.3,0.0,0.0,0.0,0.0,0.0,0.0
jinan_battery_candidate1,0.3,0.0,0.0,0.0,0.0,0.0,0.0
shanxi_battery_candidate1,0.3,0.0,0.0,0.0,0.0,0.0,0.0
shandong_battery_candidate1,0.3,0.0,0.0,0.0,0.0,0.0,0.0
mengxi_battery_candidate1,0.3,0.0,0.0,0.0,0.0,0.0,0.0
mengdong_battery_candidate1,0.0,0.3,0.0,0.0,0.0,0.0,0.0
liaoning_battery_candidate1,0.0,0.3,0.0,0.0,0.0,0.0,0.0
jilin_battery_candidate1,0.0,0.3,0.0,0.0,0.0,0.0,0.0
heilongjiang_battery_candidate1,0.0,0.3,0.0,0.0,0.0,0.0,0.0
shanghai_battery_candidate1,0.0,0.0,0.3,0.0,0.0,0.0,0.0
jiangsu_battery_candidate1,0.0,0.0,0.3,0.0,0.0,0.0,0.0
zhejiang_battery_candidate1,0.0,0.0,0.3,0.0,0.0,0.0,0.0
anhui_battery_candidate1,0.0,0.0,0.3,0.0,0.0,0.0,0.0
fujian_battery_candidate1,0.0,0.0,0.3,0.0,0.0,0.0,0.0
jiangxi_battery_candidate1,0.0,0.0,0.0,0.3,0.0,0.0,0.0
henan_battery_candidate1,0.0,0.0,0.0,0.3,0.0,0.0,0.0
hubei_battery_candidate1,0.0,0.0,0.0,0.3,0.0,0.0,0.0
hunan_battery_candidate1,0.0,0.0,0.0,0.3,0.0,0.0,0.0
chongqing_battery_candidate1,0.0,0.0,0.0,0.0,0.3,0.0,0.0
sichuan_battery_candidate1,0.0,0.0,0.0,0.0,0.3,0.0,0.0
xizang_battery_candidate1,0.0,0.0,0.0,0.0,0.3,0.0,0.0
shaanxi_battery_candidate1,0.0,0.0,0.0,0.0,0.0,0.3,0.0
gansu_battery_candidate1,0.0,0.0,0.0,0.0,0.0,0.3,0.0
qinghai_battery_candidate1,0.0,0.0,0.0,0.0,0.0,0.3,0.0
ningxia_battery_candidate1,0.0,0.0,0.0,0.0,0.0,0.3,0.0
xinjiang_battery_candidate1,0.0,0.0,0.0,0.0,0.0,0.3,0.0
guangdong_battery_candidate1,0.0,0.0,0.0,0.0,0.0,0.0,0.3
guangxi_battery_candidate1,0.0,0.0,0.0,0.0,0.0,0.0,0.3
hainan_battery_candidate1,0.0,0.0,0.0,0.0,0.0,0.0,0.3
guizhou_battery_candidate1,0.0,0.0,0.0,0.0,0.0,0.0,0.3
yunnan_battery_candidate1,0.0,0.0,0.0,0.0,0.0,0.0,0.3
beijing_battery_candidate2,0.3,0.0,0.0,0.0,0.0,0.0,0.0
tianjin_battery_candidate2,0.3,0.0,0.0,0.0,0.0,0.0,0.0
jibei_battery_candidate2,0.3,0.0,0.0,0.0,0.0,0.0,0.0
jinan_battery_candidate2,0.3,0.0,0.0,0.0,0.0,0.0,0.0
shanxi_battery_candidate2,0.3,0.0,0.0,0.0,0.0,0.0,0.0
shandong_battery_candidate2,0.3,0.0,0.0,0.0,0.0,0.0,0.0
mengxi_battery_candidate2,0.3,0.0,0.0,0.0,0.0,0.0,0.0
mengdong_battery_candidate2,0.0,0.3,0.0,0.0,0.0,0.0,0.0
liaoning_battery_candidate2,0.0,0.3,0.0,0.0,0.0,0.0,0.0
jilin_battery_candidate2,0.0,0.3,0.0,0.0,0.0,0.0,0.0
heilongjiang_battery_candidate2,0.0,0.3,0.0,0.0,0.0,0.0,0.0
shanghai_battery_candidate2,0.0,0.0,0.3,0.0,0.0,0.0,0.0
jiangsu_battery_candidate2,0.0,0.0,0.3,0.0,0.0,0.0,0.0
zhejiang_battery_candidate2,0.0,0.0,0.3,0.0,0.0,0.0,0.0
anhui_battery_candidate2,0.0,0.0,0.3,0.0,0.0,0.0,0.0
fujian_battery_candidate2,0.0,0.0,0.3,0.0,0.0,0.0,0.0
jiangxi_battery_candidate2,0.0,0.0,0.0,0.3,0.0,0.0,0.0
henan_battery_candidate2,0.0,0.0,0.0,0.3,0.0,0.0,0.0
hubei_battery_candidate2,0.0,0.0,0.0,0.3,0.0,0.0,0.0
hunan_battery_candidate2,0.0,0.0,0.0,0.3,0.0,0.0,0.0
chongqing_battery_candidate2,0.0,0.0,0.0,0.0,0.3,0.0,0.0
sichuan_battery_candidate2,0.0,0.0,0.0,0.0,0.3,0.0,0.0
xizang_battery_candidate2,0.0,0.0,0.0,0.0,0.3,0.0,0.0
shaanxi_battery_candidate2,0.0,0.0,0.0,0.0,0.0,0.3,0.0
gansu_battery_candidate2,0.0,0.0,0.0,0.0,0.0,0.3,0.0
qinghai_battery_candidate2,0.0,0.0,0.0,0.0,0.0,0.3,0.0
ningxia_battery_candidate2,0.0,0.0,0.0,0.0,0.0,0.3,0.0
xinjiang_battery_candidate2,0.0,0.0,0.0,0.0,0.0,0.3,0.0
guangdong_battery_candidate2,0.0,0.0,0.0,0.0,0.0,0.0,0.3
guangxi_battery_candidate2,0.0,0.0,0.0,0.0,0.0,0.0,0.3
hainan_battery_candidate2,0.0,0.0,0.0,0.0,0.0,0.0,0.3
guizhou_battery_candidate2,0.0,0.0,0.0,0.0,0.0,0.0,0.3
yunnan_battery_candidate2,0.0,0.0,0.0,0.0,0.0,0.0,0.3
beijing_pumpedhydro_existing,0.9,0.0,0.0,0.0,0.0,0.0,0.0
tianjin_pumpedhydro_existing,0.9,0.0,0.0,0.0,0.0,0.0,0.0
jibei_pumpedhydro_existing,0.9,0.0,0.0,0.0,0.0,0.0,0.0
jinan_pumpedhydro_existing,0.9,0.0,0.0,0.0,0.0,0.0,0.0
shanxi_pumpedhydro_existing,0.9,0.0,0.0,0.0,0.0,0.0,0.0
shandong_pumpedhydro_existing,0.9,0.0,0.0,0.0,0.0,0.0,0.0
mengxi_pumpedhydro_existing,0.9,0.0,0.0,0.0,0.0,0.0,0.0
mengdong_pumpedhydro_existing,0.0,0.9,0.0,0.0,0.0,0.0,0.0
liaoning_pumpedhydro_existing,0.0,0.9,0.0,0.0,0.0,0.0,0.0
jilin_pumpedhydro_existing,0.0,0.9,0.0,0.0,0.0,0.0,0.0
heilongjiang_pumpedhydro_existing,0.0,0.9,0.0,0.0,0.0,0.0,0.0
shanghai_pumpedhydro_existing,0.0,0.0,0.9,0.0,0.0,0.0,0.0
jiangsu_pumpedhydro_existing,0.0,0.0,0.9,0.0,0.0,0.0,0.0
zhejiang_pumpedhydro_existing,0.0,0.0,0.9,0.0,0.0,0.0,0.0
anhui_pumpedhydro_existing,0.0,0.0,0.9,0.0,0.0,0.0,0.0
fujian_pumpedhydro_existing,0.0,0.0,0.9,0.0,0.0,0.0,0.0
jiangxi_pumpedhydro_existing,0.0,0.0,0.0,0.9,0.0,0.0,0.0
henan_pumpedhydro_existing,0.0,0.0,0.0,0.9,0.0,0.0,0.0
hubei_pumpedhydro_existing,0.0,0.0,0.0,0.9,0.0,0.0,0.0
hunan_pumpedhydro_existing,0.0,0.0,0.0,0.9,0.0,0.0,0.0
chongqing_pumpedhydro_existing,0.0,0.0,0.0,0.0,0.9,0.0,0.0
sichuan_pumpedhydro_existing,0.0,0.0,0.0,0.0,0.9,0.0,0.0
xizang_pumpedhydro_existing,0.0,0.0,0.0,0.0,0.9,0.0,0.0
shaanxi_pumpedhydro_existing,0.0,0.0,0.0,0.0,0.0,0.9,0.0
gansu_pumpedhydro_existing,0.0,0.0,0.0,0.0,0.0,0.9,0.0
qinghai_pumpedhydro_existing,0.0,0.0,0.0,0.0,0.0,0.9,0.0
ningxia_pumpedhydro_existing,0.0,0.0,0.0,0.0,0.0,0.9,0.0
xinjiang_pumpedhydro_existing,0.0,0.0,0.0,0.0,0.0,0.9,0.0
guangdong_pumpedhydro_existing,0.0,0.0,0.0,0.0,0.0,0.0,0.9
guangxi_pumpedhydro_existing,0.0,0.0,0.0,0.0,0.0,0.0,0.9
hainan_pumpedhydro_existing,0.0,0.0,0.0,0.0,0.0,0.0,0.9
guizhou_pumpedhydro_existing,0.0,0.0,0.0,0.0,0.0,0.0,0.9
yunnan_pumpedhydro_existing,0.0,0.0,0.0,0.0,0.0,0.0,0.9
jibei_pumpedhydro_existing2030,0.9,0.0,0.0,0.0,0.0,0.0,0.0
jinan_pumpedhydro_existing2030,0.9,0.0,0.0,0.0,0.0,0.0,0.0
shanxi_pumpedhydro_existing2030,0.9,0.0,0.0,0.0,0.0,0.0,0.0
shandong_pumpedhydro_existing2030,0.9,0.0,0.0,0.0,0.0,0.0,0.0
mengxi_pumpedhydro_existing2030,0.9,0.0,0.0,0.0,0.0,0.0,0.0
mengdong_pumpedhydro_existing2030,0.0,0.9,0.0,0.0,0.0,0.0,0.0
liaoning_pumpedhydro_existing2030,0.0,0.9,0.0,0.0,0.0,0.0,0.0
jilin_pumpedhydro_existing2030,0.0,0.9,0.0,0.0,0.0,0.0,0.0
heilongjiang_pumpedhydro_existing2030,0.0,0.9,0.0,0.0,0.0,0.0,0.0
jiangsu_pumpedhydro_existing2030,0.0,0.0,0.9,0.0,0.0,0.0,0.0
zhejiang_pumpedhydro_existing2030,0.0,0.0,0.9,0.0,0.0,0.0,0.0
anhui_pumpedhydro_existing2030,0.0,0.0,0.9,0.0,0.0,0.0,0.0
fujian_pumpedhydro_existing2030,0.0,0.0,0.9,0.0,0.0,0.0,0.0
jiangxi_pumpedhydro_existing2030,0.0,0.0,0.0,0.9,0.0,0.0,0.0
henan_pumpedhydro_existing2030,0.0,0.0,0.0,0.9,0.0,0.0,0.0
hubei_pumpedhydro_existing2030,0.0,0.0,0.0,0.9,0.0,0.0,0.0
hunan_pumpedhydro_existing2030,0.0,0.0,0.0,0.9,0.0,0.0,0.0
chongqing_pumpedhydro_existing2030,0.0,0.0,0.0,0.0,0.9,0.0,0.0
sichuan_pumpedhydro_existing2030,0.0,0.0,0.0,0.0,0.9,0.0,0.0
shaanxi_pumpedhydro_existing2030,0.0,0.0,0.0,0.0,0.0,0.9,0.0
gansu_pumpedhydro_existing2030,0.0,0.0,0.0,0.0,0.0,0.9,0.0
qinghai_pumpedhydro_existing2030,0.0,0.0,0.0,0.0,0.0,0.9,0.0
ningxia_pumpedhydro_existing2030,0.0,0.0,0.0,0.0,0.0,0.9,0.0
xinjiang_pumpedhydro_existing2030,0.0,0.0,0.0,0.0,0.0,0.9,0.0
guangdong_pumpedhydro_existing2030,0.0,0.0,0.0,0.0,0.0,0.0,0.9
guangxi_pumpedhydro_existing2030,0.0,0.0,0.0,0.0,0.0,0.0,0.9
guizhou_pumpedhydro_existing2030,0.0,0.0,0.0,0.0,0.0,0.0,0.9
yunnan_pumpedhydro_existing2030,0.0,0.0,0.0,0.0,0.0,0.0,0.9
XJ2wu_battery_candidate,0.0,0.0,0.0,0.0,0.3,0.0,0.0
XJ2liu_battery_candidate,0.0,0.0,0.0,0.3,0.0,0.0,0.0
XJ2qi_battery_candidate,0.0,0.0,0.0,0.3,0.0,0.0,0.0
XJ2ba_battery_candidate,0.0,0.0,0.0,0.0,0.0,0.0,0.3
NX2wu_battery_candidate,0.0,0.0,0.0,0.3,0.0,0.0,0.0
GS2baer_battery_candidate,0.0,0.0,0.3,0.0,0.0,0.0,0.0
QH2delingha_battery_candidate,0.0,0.0,0.0,0.0,0.0,0.0,0.3
QH2dongxitai_battery_candidate,0.0,0.0,0.0,0.0,0.0,0.0,0.3
MX2zhejiang_battery_candidate,0.0,0.0,0.3,0.0,0.0,0.0,0.0
MX2henan_battery_candidate,0.0,0.0,0.0,0.3,0.0,0.0,0.0
MX2hubei_battery_candidate,0.0,0.0,0.0,0.3,0.0,0.0,0.0
MX2hunan_battery_candidate,0.0,0.0,0.0,0.3,0.0,0.0,0.0
JL2hebei_battery_candidate,0.0,0.0,0.0,0.0,0.0,0.0,0.0
JL2shandong_battery_candidate,0.3,0.0,0.0,0.0,0.0,0.0,0.0
HLJ2jjt_battery_candidate,0.0,0.0,0.0,0.0,0.0,0.0,0.0
HLJ2hebei_battery_candidate,0.0,0.0,0.0,0.0,0.0,0.0,0.0
HLJ2shandong_battery_candidate,0.3,0.0,0.0,0.0,0.0,0.0,0.0
SAX2shanghai_battery_candidate,0.0,0.0,0.3,0.0,0.0,0.0,0.0
SAX2jiangsu_battery_candidate,0.0,0.0,0.3,0.0,0.0,0.0,0.0
SAX2zhejiang_battery_candidate,0.0,0.0,0.3,0.0,0.0,0.0,0.0
SAX2hunan_battery_candidate,0.0,0.0,0.0,0.3,0.0,0.0,0.0
SAX2jiangxi_battery_candidate,0.0,0.0,0.0,0.3,0.0,0.0,0.0
GS2hebei_battery_candidate,0.0,0.0,0.0,0.0,0.0,0.0,0.0
GS2jiangsu_battery_candidate,0.0,0.0,0.3,0.0,0.0,0.0,0.0
GS2henan_battery_candidate,0.0,0.0,0.0,0.3,0.0,0.0,0.0
GS2hubei_battery_candidate,0.0,0.0,0.0,0.3,0.0,0.0,0.0
GS2jiangxi_battery_candidate,0.0,0.0,0.0,0.3,0.0,0.0,0.0
GS2chongqing_battery_candidate,0.0,0.0,0.0,0.0,0.3,0.0,0.0
QH2jiangsu_battery_candidate,0.0,0.0,0.3,0.0,0.0,0.0,0.0
QH2anhui_battery_candidate,0.0,0.0,0.3,0.0,0.0,0.0,0.0
QH2hubei_battery_candidate,0.0,0.0,0.0,0.3,0.0,0.0,0.0
QH2hunan_battery_candidate,0.0,0.0,0.0,0.3,0.0,0.0,0.0
QH2jiangxi_battery_candidate,0.0,0.0,0.0,0.3,0.0,0.0,0.0
QH2sichuan_battery_candidate,0.0,0.0,0.0,0.0,0.3,0.0,0.0
QH2chongqing_battery_candidate,0.0,0.0,0.0,0.0,0.3,0.0,0.0
NX2shanghai_battery_candidate,0.0,0.0,0.3,0.0,0.0,0.0,0.0
NX2jiangsu_battery_candidate,0.0,0.0,0.3,0.0,0.0,0.0,0.0
NX2anhui_battery_candidate,0.0,0.0,0.3,0.0,0.0,0.0,0.0
NX2jiangxi_battery_candidate,0.0,0.0,0.0,0.3,0.0,0.0,0.0
XJ2hubei_battery_candidate,0.0,0.0,0.0,0.3,0.0,0.0,0.0
XJ2guizhou_battery_candidate,0.0,0.0,0.0,0.0,0.0,0.0,0.3
MD2beijing_battery_candidate,0.0,0.0,0.0,0.0,0.0,0.0,0.0
MD2hebei_battery_candidate,0.0,0.0,0.0,0.0,0.0,0.0,0.0
MD2shandong_battery_candidate,0.3,0.0,0.0,0.0,0.0,0.0,0.0
MD2henan_battery_candidate,0.0,0.0,0.0,0.3,0.0,0.0,0.0
MD2hubei_battery_candidate,0.0,0.0,0.0,0.3,0.0,0.0,0.0
MD2anhui_battery_candidate,0.0,0.0,0.3,0.0,0.0,0.0,0.0
MD2jiangsu_battery_candidate,0.0,0.0,0.3,0.0,0.0,0.0,0.0
MD2shanghai_battery_candidate,0.0,0.0,0.3,0.0,0.0,0.0,0.0
MD2zhejiang_battery_candidate,0.0,0.0,0.3,0.0,0.0,0.0,0.0
beijing_pumpedhydro_candidate,0.9,0.0,0.0,0.0,0.0,0.0,0.0
tianjin_pumpedhydro_candidate,0.9,0.0,0.0,0.0,0.0,0.0,0.0
jibei_pumpedhydro_candidate,0.9,0.0,0.0,0.0,0.0,0.0,0.0
jinan_pumpedhydro_candidate,0.9,0.0,0.0,0.0,0.0,0.0,0.0
shanxi_pumpedhydro_candidate,0.9,0.0,0.0,0.0,0.0,0.0,0.0
shandong_pumpedhydro_candidate,0.9,0.0,0.0,0.0,0.0,0.0,0.0
mengxi_pumpedhydro_candidate,0.9,0.0,0.0,0.0,0.0,0.0,0.0
mengdong_pumpedhydro_candidate,0.0,0.9,0.0,0.0,0.0,0.0,0.0
liaoning_pumpedhydro_candidate,0.0,0.9,0.0,0.0,0.0,0.0,0.0
jilin_pumpedhydro_candidate,0.0,0.9,0.0,0.0,0.0,0.0,0.0
heilongjiang_pumpedhydro_candidate,0.0,0.9,0.0,0.0,0.0,0.0,0.0
jiangsu_pumpedhydro_candidate,0.0,0.0,0.9,0.0,0.0,0.0,0.0
zhejiang_pumpedhydro_candidate,0.0,0.0,0.9,0.0,0.0,0.0,0.0
anhui_pumpedhydro_candidate,0.0,0.0,0.9,0.0,0.0,0.0,0.0
fujian_pumpedhydro_candidate,0.0,0.0,0.9,0.0,0.0,0.0,0.0
jiangxi_pumpedhydro_candidate,0.0,0.0,0.0,0.9,0.0,0.0,0.0
henan_pumpedhydro_candidate,0.0,0.0,0.0,0.9,0.0,0.0,0.0
hubei_pumpedhydro_candidate,0.0,0.0,0.0,0.9,0.0,0.0,0.0
hunan_pumpedhydro_candidate,0.0,0.0,0.0,0.9,0.0,0.0,0.0
chongqing_pumpedhydro_candidate,0.0,0.0,0.0,0.0,0.9,0.0,0.0
sichuan_pumpedhydro_candidate,0.0,0.0,0.0,0.0,0.9,0.0,0.0
shaanxi_pumpedhydro_candidate,0.0,0.0,0.0,0.0,0.0,0.9,0.0
gansu_pumpedhydro_candidate,0.0,0.0,0.0,0.0,0.0,0.9,0.0
qinghai_pumpedhydro_candidate,0.0,0.0,0.0,0.0,0.0,0.9,0.0
ningxia_pumpedhydro_candidate,0.0,0.0,0.0,0.0,0.0,0.9,0.0
xinjiang_pumpedhydro_candidate,0.0,0.0,0.0,0.0,0.0,0.9,0.0
guangdong_pumpedhydro_candidate,0.0,0.0,0.0,0.0,0.0,0.0,0.9
guangxi_pumpedhydro_candidate,0.0,0.0,0.0,0.0,0.0,0.0,0.9
hainan_pumpedhydro_candidate,0.0,0.0,0.0,0.0,0.0,0.0,0.9
guizhou_pumpedhydro_candidate,0.0,0.0,0.0,0.0,0.0,0.0,0.9
yunnan_pumpedhydro_candidate,0.0,0.0,0.0,0.0,0.0,0.0,0.9
beijing_coal_subcritical_costrecovered,0.95,0.0,0.0,0.0,0.0,0.0,0.0
beijing_coal_supercritical_costrecovered,0.95,0.0,0.0,0.0,0.0,0.0,0.0
beijing_coal_supercritical_costrecovering,0.95,0.0,0.0,0.0,0.0,0.0,0.0
beijing_coal_supercritical_candidate,0.95,0.0,0.0,0.0,0.0,0.0,0.0
beijing_coal_ultrasupercritical_costrecovered,0.95,0.0,0.0,0.0,0.0,0.0,0.0
beijing_coal_ultrasupercritical_costrecovering,0.95,0.0,0.0,0.0,0.0,0.0,0.0
beijing_coal_ultrasupercritical_candidate,0.95,0.0,0.0,0.0,0.0,0.0,0.0
tianjin_coal_subcritical_costrecovered,0.95,0.0,0.0,0.0,0.0,0.0,0.0
tianjin_coal_supercritical_costrecovered,0.95,0.0,0.0,0.0,0.0,0.0,0.0
tianjin_coal_supercritical_costrecovering,0.95,0.0,0.0,0.0,0.0,0.0,0.0
tianjin_coal_supercritical_candidate,0.95,0.0,0.0,0.0,0.0,0.0,0.0
tianjin_coal_ultrasupercritical_costrecovered,0.95,0.0,0.0,0.0,0.0,0.0,0.0
tianjin_coal_ultrasupercritical_costrecovering,0.95,0.0,0.0,0.0,0.0,0.0,0.0
tianjin_coal_ultrasupercritical_candidate,0.95,0.0,0.0,0.0,0.0,0.0,0.0
tianjin_coal_small_costrecovered,0.95,0.0,0.0,0.0,0.0,0.0,0.0
tianjin_coal_small_costrecovering,0.95,0.0,0.0,0.0,0.0,0.0,0.0
jibei_coal_subcritical_costrecovered,0.95,0.0,0.0,0.0,0.0,0.0,0.0
jibei_coal_subcritical_costrecovering,0.95,0.0,0.0,0.0,0.0,0.0,0.0
jibei_coal_supercritical_costrecovered,0.95,0.0,0.0,0.0,0.0,0.0,0.0
jibei_coal_supercritical_costrecovering,0.95,0.0,0.0,0.0,0.0,0.0,0.0
jibei_coal_supercritical_candidate,0.95,0.0,0.0,0.0,0.0,0.0,0.0
jibei_coal_ultrasupercritical_costrecovered,0.95,0.0,0.0,0.0,0.0,0.0,0.0
jibei_coal_ultrasupercritical_costrecovering,0.95,0.0,0.0,0.0,0.0,0.0,0.0
jibei_coal_ultrasupercritical_candidate,0.95,0.0,0.0,0.0,0.0,0.0,0.0
jibei_coal_small_costrecovered,0.95,0.0,0.0,0.0,0.0,0.0,0.0
jinan_coal_subcritical_costrecovered,0.95,0.0,0.0,0.0,0.0,0.0,0.0
jinan_coal_subcritical_costrecovering,0.95,0.0,0.0,0.0,0.0,0.0,0.0
jinan_coal_supercritical_costrecovered,0.95,0.0,0.0,0.0,0.0,0.0,0.0
jinan_coal_supercritical_costrecovering,0.95,0.0,0.0,0.0,0.0,0.0,0.0
jinan_coal_supercritical_candidate,0.95,0.0,0.0,0.0,0.0,0.0,0.0
jinan_coal_ultrasupercritical_costrecovered,0.95,0.0,0.0,0.0,0.0,0.0,0.0
jinan_coal_ultrasupercritical_costrecovering,0.95,0.0,0.0,0.0,0.0,0.0,0.0
jinan_coal_ultrasupercritical_candidate,0.95,0.0,0.0,0.0,0.0,0.0,0.0
jinan_coal_small_costrecovered,0.95,0.0,0.0,0.0,0.0,0.0,0.0
jinan_coal_small_costrecovering,0.95,0.0,0.0,0.0,0.0,0.0,0.0
shanxi_coal_subcritical_costrecovered,0.95,0.0,0.0,0.0,0.0,0.0,0.0
shanxi_coal_subcritical_costrecovering,0.95,0.0,0.0,0.0,0.0,0.0,0.0
shanxi_coal_supercritical_costrecovered,0.95,0.0,0.0,0.0,0.0,0.0,0.0
shanxi_coal_supercritical_costrecovering,0.95,0.0,0.0,0.0,0.0,0.0,0.0
shanxi_coal_supercritical_candidate,0.95,0.0,0.0,0.0,0.0,0.0,0.0
shanxi_coal_ultrasupercritical_costrecovered,0.95,0.0,0.0,0.0,0.0,0.0,0.0
shanxi_coal_ultrasupercritical_costrecovering,0.95,0.0,0.0,0.0,0.0,0.0,0.0
shanxi_coal_ultrasupercritical_candidate,0.95,0.0,0.0,0.0,0.0,0.0,0.0
shanxi_coal_small_costrecovered,0.95,0.0,0.0,0.0,0.0,0.0,0.0
shanxi_coal_small_costrecovering,0.95,0.0,0.0,0.0,0.0,0.0,0.0
shandong_coal_subcritical_costrecovered,0.95,0.0,0.0,0.0,0.0,0.0,0.0
shandong_coal_subcritical_costrecovering,0.95,0.0,0.0,0.0,0.0,0.0,0.0
shandong_coal_supercritical_costrecovered,0.95,0.0,0.0,0.0,0.0,0.0,0.0
shandong_coal_supercritical_costrecovering,0.95,0.0,0.0,0.0,0.0,0.0,0.0
shandong_coal_supercritical_candidate,0.95,0.0,0.0,0.0,0.0,0.0,0.0
shandong_coal_ultrasupercritical_costrecovered,0.95,0.0,0.0,0.0,0.0,0.0,0.0
shandong_coal_ultrasupercritical_costrecovering,0.95,0.0,0.0,0.0,0.0,0.0,0.0
shandong_coal_ultrasupercritical_candidate,0.95,0.0,0.0,0.0,0.0,0.0,0.0
shandong_coal_small_costrecovered,0.95,0.0,0.0,0.0,0.0,0.0,0.0
shandong_coal_small_costrecovering,0.95,0.0,0.0,0.0,0.0,0.0,0.0
mengxi_coal_subcritical_costrecovered,0.95,0.0,0.0,0.0,0.0,0.0,0.0
mengxi_coal_subcritical_costrecovering,0.95,0.0,0.0,0.0,0.0,0.0,0.0
mengxi_coal_supercritical_costrecovered,0.95,0.0,0.0,0.0,0.0,0.0,0.0
mengxi_coal_supercritical_costrecovering,0.95,0.0,0.0,0.0,0.0,0.0,0.0
mengxi_coal_supercritical_candidate,0.95,0.0,0.0,0.0,0.0,0.0,0.0
mengxi_coal_ultrasupercritical_costrecovered,0.95,0.0,0.0,0.0,0.0,0.0,0.0
mengxi_coal_ultrasupercritical_costrecovering,0.95,0.0,0.0,0.0,0.0,0.0,0.0
mengxi_coal_ultrasupercritical_candidate,0.95,0.0,0.0,0.0,0.0,0.0,0.0
mengxi_coal_small_costrecovered,0.95,0.0,0.0,0.0,0.0,0.0,0.0
mengxi_coal_small_costrecovering,0.95,0.0,0.0,0.0,0.0,0.0,0.0
mengdong_coal_subcritical_costrecovered,0.0,0.95,0.0,0.0,0.0,0.0,0.0
mengdong_coal_subcritical_costrecovering,0.0,0.95,0.0,0.0,0.0,0.0,0.0
mengdong_coal_supercritical_costrecovered,0.0,0.95,0.0,0.0,0.0,0.0,0.0
mengdong_coal_supercritical_costrecovering,0.0,0.95,0.0,0.0,0.0,0.0,0.0
mengdong_coal_supercritical_candidate,0.0,0.95,0.0,0.0,0.0,0.0,0.0
mengdong_coal_ultrasupercritical_costrecovered,0.0,0.95,0.0,0.0,0.0,0.0,0.0
mengdong_coal_ultrasupercritical_costrecovering,0.0,0.95,0.0,0.0,0.0,0.0,0.0
mengdong_coal_ultrasupercritical_candidate,0.0,0.95,0.0,0.0,0.0,0.0,0.0
mengdong_coal_small_costrecovered,0.0,0.95,0.0,0.0,0.0,0.0,0.0
mengdong_coal_small_costrecovering,0.0,0.95,0.0,0.0,0.0,0.0,0.0
liaoning_coal_subcritical_costrecovered,0.0,0.95,0.0,0.0,0.0,0.0,0.0
liaoning_coal_subcritical_costrecovering,0.0,0.95,0.0,0.0,0.0,0.0,0.0
liaoning_coal_supercritical_costrecovered,0.0,0.95,0.0,0.0,0.0,0.0,0.0
liaoning_coal_supercritical_costrecovering,0.0,0.95,0.0,0.0,0.0,0.0,0.0
liaoning_coal_supercritical_candidate,0.0,0.95,0.0,0.0,0.0,0.0,0.0
liaoning_coal_ultrasupercritical_costrecovered,0.0,0.95,0.0,0.0,0.0,0.0,0.0
liaoning_coal_ultrasupercritical_costrecovering,0.0,0.95,0.0,0.0,0.0,0.0,0.0
liaoning_coal_ultrasupercritical_candidate,0.0,0.95,0.0,0.0,0.0,0.0,0.0
liaoning_coal_small_costrecovered,0.0,0.95,0.0,0.0,0.0,0.0,0.0
liaoning_coal_small_costrecovering,0.0,0.95,0.0,0.0,0.0,0.0,0.0
jilin_coal_subcritical_costrecovered,0.0,0.95,0.0,0.0,0.0,0.0,0.0
jilin_coal_supercritical_costrecovered,0.0,0.95,0.0,0.0,0.0,0.0,0.0
jilin_coal_supercritical_costrecovering,0.0,0.95,0.0,0.0,0.0,0.0,0.0
jilin_coal_supercritical_candidate,0.0,0.95,0.0,0.0,0.0,0.0,0.0
jilin_coal_ultrasupercritical_costrecovered,0.0,0.95,0.0,0.0,0.0,0.0,0.0
jilin_coal_ultrasupercritical_costrecovering,0.0,0.95,0.0,0.0,0.0,0.0,0.0
jilin_coal_ultrasupercritical_candidate,0.0,0.95,0.0,0.0,0.0,0.0,0.0
jilin_coal_small_costrecovered,0.0,0.95,0.0,0.0,0.0,0.0,0.0
jilin_coal_small_costrecovering,0.0,0.95,0.0,0.0,0.0,0.0,0.0
heilongjiang_coal_subcritical_costrecovered,0.0,0.95,0.0,0.0,0.0,0.0,0.0
heilongjiang_coal_supercritical_costrecovered,0.0,0.95,0.0,0.0,0.0,0.0,0.0
heilongjiang_coal_supercritical_costrecovering,0.0,0.95,0.0,0.0,0.0,0.0,0.0
heilongjiang_coal_supercritical_candidate,0.0,0.95,0.0,0.0,0.0,0.0,0.0
heilongjiang_coal_ultrasupercritical_costrecovered,0.0,0.95,0.0,0.0,0.0,0.0,0.0
heilongjiang_coal_ultrasupercritical_costrecovering,0.0,0.95,0.0,0.0,0.0,0.0,0.0
heilongjiang_coal_ultrasupercritical_candidate,0.0,0.95,0.0,0.0,0.0,0.0,0.0
heilongjiang_coal_small_costrecovered,0.0,0.95,0.0,0.0,0.0,0.0,0.0
heilongjiang_coal_small_costrecovering,0.0,0.95,0.0,0.0,0.0,0.0,0.0
shanghai_coal_subcritical_costrecovered,0.0,0.0,0.95,0.0,0.0,0.0,0.0
shanghai_coal_supercritical_costrecovered,0.0,0.0,0.95,0.0,0.0,0.0,0.0
shanghai_coal_supercritical_costrecovering,0.0,0.0,0.95,0.0,0.0,0.0,0.0
shanghai_coal_supercritical_candidate,0.0,0.0,0.95,0.0,0.0,0.0,0.0
shanghai_coal_ultrasupercritical_costrecovered,0.0,0.0,0.95,0.0,0.0,0.0,0.0
shanghai_coal_ultrasupercritical_costrecovering,0.0,0.0,0.95,0.0,0.0,0.0,0.0
shanghai_coal_ultrasupercritical_candidate,0.0,0.0,0.95,0.0,0.0,0.0,0.0
shanghai_coal_small_costrecovered,0.0,0.0,0.95,0.0,0.0,0.0,0.0
jiangsu_coal_subcritical_costrecovered,0.0,0.0,0.95,0.0,0.0,0.0,0.0
jiangsu_coal_supercritical_costrecovered,0.0,0.0,0.95,0.0,0.0,0.0,0.0
jiangsu_coal_supercritical_costrecovering,0.0,0.0,0.95,0.0,0.0,0.0,0.0
jiangsu_coal_supercritical_candidate,0.0,0.0,0.95,0.0,0.0,0.0,0.0
jiangsu_coal_ultrasupercritical_costrecovered,0.0,0.0,0.95,0.0,0.0,0.0,0.0
jiangsu_coal_ultrasupercritical_costrecovering,0.0,0.0,0.95,0.0,0.0,0.0,0.0
jiangsu_coal_ultrasupercritical_candidate,0.0,0.0,0.95,0.0,0.0,0.0,0.0
jiangsu_coal_small_costrecovered,0.0,0.0,0.95,0.0,0.0,0.0,0.0
jiangsu_coal_small_costrecovering,0.0,0.0,0.95,0.0,0.0,0.0,0.0
zhejiang_coal_subcritical_costrecovered,0.0,0.0,0.95,0.0,0.0,0.0,0.0
zhejiang_coal_supercritical_costrecovered,0.0,0.0,0.95,0.0,0.0,0.0,0.0
zhejiang_coal_supercritical_costrecovering,0.0,0.0,0.95,0.0,0.0,0.0,0.0
zhejiang_coal_supercritical_candidate,0.0,0.0,0.95,0.0,0.0,0.0,0.0
zhejiang_coal_ultrasupercritical_costrecovered,0.0,0.0,0.95,0.0,0.0,0.0,0.0
zhejiang_coal_ultrasupercritical_costrecovering,0.0,0.0,0.95,0.0,0.0,0.0,0.0
zhejiang_coal_ultrasupercritical_candidate,0.0,0.0,0.95,0.0,0.0,0.0,0.0
zhejiang_coal_small_costrecovered,0.0,0.0,0.95,0.0,0.0,0.0,0.0
zhejiang_coal_small_costrecovering,0.0,0.0,0.95,0.0,0.0,0.0,0.0
anhui_coal_subcritical_costrecovered,0.0,0.0,0.95,0.0,0.0,0.0,0.0
anhui_coal_supercritical_costrecovered,0.0,0.0,0.95,0.0,0.0,0.0,0.0
anhui_coal_supercritical_costrecovering,0.0,0.0,0.95,0.0,0.0,0.0,0.0
anhui_coal_supercritical_candidate,0.0,0.0,0.95,0.0,0.0,0.0,0.0
anhui_coal_ultrasupercritical_costrecovered,0.0,0.0,0.95,0.0,0.0,0.0,0.0
anhui_coal_ultrasupercritical_costrecovering,0.0,0.0,0.95,0.0,0.0,0.0,0.0
anhui_coal_ultrasupercritical_candidate,0.0,0.0,0.95,0.0,0.0,0.0,0.0
anhui_coal_small_costrecovered,0.0,0.0,0.95,0.0,0.0,0.0,0.0
anhui_coal_small_costrecovering,0.0,0.0,0.95,0.0,0.0,0.0,0.0
fujian_coal_subcritical_costrecovered,0.0,0.0,0.95,0.0,0.0,0.0,0.0
fujian_coal_supercritical_costrecovered,0.0,0.0,0.95,0.0,0.0,0.0,0.0
fujian_coal_supercritical_costrecovering,0.0,0.0,0.95,0.0,0.0,0.0,0.0
fujian_coal_supercritical_candidate,0.0,0.0,0.95,0.0,0.0,0.0,0.0
fujian_coal_ultrasupercritical_costrecovered,0.0,0.0,0.95,0.0,0.0,0.0,0.0
fujian_coal_ultrasupercritical_costrecovering,0.0,0.0,0.95,0.0,0.0,0.0,0.0
fujian_coal_ultrasupercritical_candidate,0.0,0.0,0.95,0.0,0.0,0.0,0.0
fujian_coal_small_costrecovered,0.0,0.0,0.95,0.0,0.0,0.0,0.0
fujian_coal_small_costrecovering,0.0,0.0,0.95,0.0,0.0,0.0,0.0
jiangxi_coal_subcritical_costrecovered,0.0,0.0,0.0,0.95,0.0,0.0,0.0
jiangxi_coal_supercritical_costrecovered,0.0,0.0,0.0,0.95,0.0,0.0,0.0
jiangxi_coal_supercritical_costrecovering,0.0,0.0,0.0,0.95,0.0,0.0,0.0
jiangxi_coal_supercritical_candidate,0.0,0.0,0.0,0.95,0.0,0.0,0.0
jiangxi_coal_ultrasupercritical_costrecovered,0.0,0.0,0.0,0.95,0.0,0.0,0.0
jiangxi_coal_ultrasupercritical_costrecovering,0.0,0.0,0.0,0.95,0.0,0.0,0.0
jiangxi_coal_ultrasupercritical_candidate,0.0,0.0,0.0,0.95,0.0,0.0,0.0
jiangxi_coal_small_costrecovered,0.0,0.0,0.0,0.95,0.0,0.0,0.0
henan_coal_subcritical_costrecovered,0.0,0.0,0.0,0.95,0.0,0.0,0.0
henan_coal_supercritical_costrecovered,0.0,0.0,0.0,0.95,0.0,0.0,0.0
henan_coal_supercritical_costrecovering,0.0,0.0,0.0,0.95,0.0,0.0,0.0
henan_coal_supercritical_candidate,0.0,0.0,0.0,0.95,0.0,0.0,0.0
henan_coal_ultrasupercritical_costrecovered,0.0,0.0,0.0,0.95,0.0,0.0,0.0
henan_coal_ultrasupercritical_costrecovering,0.0,0.0,0.0,0.95,0.0,0.0,0.0
henan_coal_ultrasupercritical_candidate,0.0,0.0,0.0,0.95,0.0,0.0,0.0
henan_coal_small_costrecovered,0.0,0.0,0.0,0.95,0.0,0.0,0.0
hubei_coal_subcritical_costrecovered,0.0,0.0,0.0,0.95,0.0,0.0,0.0
hubei_coal_supercritical_costrecovered,0.0,0.0,0.0,0.95,0.0,0.0,0.0
hubei_coal_supercritical_costrecovering,0.0,0.0,0.0,0.95,0.0,0.0,0.0
hubei_coal_supercritical_candidate,0.0,0.0,0.0,0.95,0.0,0.0,0.0
hubei_coal_ultrasupercritical_costrecovered,0.0,0.0,0.0,0.95,0.0,0.0,0.0
hubei_coal_ultrasupercritical_costrecovering,0.0,0.0,0.0,0.95,0.0,0.0,0.0
hubei_coal_ultrasupercritical_candidate,0.0,0.0,0.0,0.95,0.0,0.0,0.0
hubei_coal_small_costrecovered,0.0,0.0,0.0,0.95,0.0,0.0,0.0
hunan_coal_subcritical_costrecovered,0.0,0.0,0.0,0.95,0.0,0.0,0.0
hunan_coal_supercritical_costrecovered,0.0,0.0,0.0,0.95,0.0,0.0,0.0
hunan_coal_supercritical_costrecovering,0.0,0.0,0.0,0.95,0.0,0.0,0.0
hunan_coal_supercritical_candidate,0.0,0.0,0.0,0.95,0.0,0.0,0.0
hunan_coal_ultrasupercritical_costrecovered,0.0,0.0,0.0,0.95,0.0,0.0,0.0
hunan_coal_ultrasupercritical_costrecovering,0.0,0.0,0.0,0.95,0.0,0.0,0.0
hunan_coal_ultrasupercritical_candidate,0.0,0.0,0.0,0.95,0.0,0.0,0.0
chongqing_coal_subcritical_costrecovered,0.0,0.0,0.0,0.0,0.95,0.0,0.0
chongqing_coal_supercritical_costrecovered,0.0,0.0,0.0,0.0,0.95,0.0,0.0
chongqing_coal_supercritical_costrecovering,0.0,0.0,0.0,0.0,0.95,0.0,0.0
chongqing_coal_supercritical_candidate,0.0,0.0,0.0,0.0,0.95,0.0,0.0
chongqing_coal_ultrasupercritical_costrecovered,0.0,0.0,0.0,0.0,0.95,0.0,0.0
chongqing_coal_ultrasupercritical_costrecovering,0.0,0.0,0.0,0.0,0.95,0.0,0.0
chongqing_coal_ultrasupercritical_candidate,0.0,0.0,0.0,0.0,0.95,0.0,0.0
chongqing_coal_small_costrecovered,0.0,0.0,0.0,0.0,0.95,0.0,0.0
chongqing_coal_small_costrecovering,0.0,0.0,0.0,0.0,0.95,0.0,0.0
sichuan_coal_subcritical_costrecovered,0.0,0.0,0.0,0.0,0.95,0.0,0.0
sichuan_coal_supercritical_costrecovered,0.0,0.0,0.0,0.0,0.95,0.0,0.0
sichuan_coal_supercritical_costrecovering,0.0,0.0,0.0,0.0,0.95,0.0,0.0
sichuan_coal_supercritical_candidate,0.0,0.0,0.0,0.0,0.95,0.0,0.0
sichuan_coal_ultrasupercritical_costrecovered,0.0,0.0,0.0,0.0,0.95,0.0,0.0
sichuan_coal_ultrasupercritical_costrecovering,0.0,0.0,0.0,0.0,0.95,0.0,0.0
sichuan_coal_ultrasupercritical_candidate,0.0,0.0,0.0,0.0,0.95,0.0,0.0
shaanxi_coal_subcritical_costrecovered,0.0,0.0,0.0,0.0,0.0,0.95,0.0
shaanxi_coal_subcritical_costrecovering,0.0,0.0,0.0,0.0,0.0,0.95,0.0
shaanxi_coal_supercritical_costrecovered,0.0,0.0,0.0,0.0,0.0,0.95,0.0
shaanxi_coal_supercritical_costrecovering,0.0,0.0,0.0,0.0,0.0,0.95,0.0
shaanxi_coal_supercritical_candidate,0.0,0.0,0.0,0.0,0.0,0.95,0.0
shaanxi_coal_ultrasupercritical_costrecovered,0.0,0.0,0.0,0.0,0.0,0.95,0.0
shaanxi_coal_ultrasupercritical_costrecovering,0.0,0.0,0.0,0.0,0.0,0.95,0.0
shaanxi_coal_ultrasupercritical_candidate,0.0,0.0,0.0,0.0,0.0,0.95,0.0
shaanxi_coal_small_costrecovered,0.0,0.0,0.0,0.0,0.0,0.95,0.0
shaanxi_coal_small_costrecovering,0.0,0.0,0.0,0.0,0.0,0.95,0.0
gansu_coal_subcritical_costrecovered,0.0,0.0,0.0,0.0,0.0,0.95,0.0
gansu_coal_supercritical_costrecovered,0.0,0.0,0.0,0.0,0.0,0.95,0.0
gansu_coal_supercritical_costrecovering,0.0,0.0,0.0,0.0,0.0,0.95,0.0
gansu_coal_supercritical_candidate,0.0,0.0,0.0,0.0,0.0,0.95,0.0
gansu_coal_ultrasupercritical_costrecovered,0.0,0.0,0.0,0.0,0.0,0.95,0.0
gansu_coal_ultrasupercritical_costrecovering,0.0,0.0,0.0,0.0,0.0,0.95,0.0
gansu_coal_ultrasupercritical_candidate,0.0,0.0,0.0,0.0,0.0,0.95,0.0
gansu_coal_small_costrecovered,0.0,0.0,0.0,0.0,0.0,0.95,0.0
qinghai_coal_subcritical_costrecovered,0.0,0.0,0.0,0.0,0.0,0.95,0.0
qinghai_coal_supercritical_costrecovered,0.0,0.0,0.0,0.0,0.0,0.95,0.0
qinghai_coal_supercritical_costrecovering,0.0,0.0,0.0,0.0,0.0,0.95,0.0
qinghai_coal_supercritical_candidate,0.0,0.0,0.0,0.0,0.0,0.95,0.0
qinghai_coal_ultrasupercritical_costrecovered,0.0,0.0,0.0,0.0,0.0,0.95,0.0
qinghai_coal_ultrasupercritical_costrecovering,0.0,0.0,0.0,0.0,0.0,0.95,0.0
qinghai_coal_ultrasupercritical_candidate,0.0,0.0,0.0,0.0,0.0,0.95,0.0
qinghai_coal_small_costrecovered,0.0,0.0,0.0,0.0,0.0,0.95,0.0
ningxia_coal_subcritical_costrecovered,0.0,0.0,0.0,0.0,0.0,0.95,0.0
ningxia_coal_supercritical_costrecovered,0.0,0.0,0.0,0.0,0.0,0.95,0.0
ningxia_coal_supercritical_costrecovering,0.0,0.0,0.0,0.0,0.0,0.95,0.0
ningxia_coal_supercritical_candidate,0.0,0.0,0.0,0.0,0.0,0.95,0.0
ningxia_coal_ultrasupercritical_costrecovered,0.0,0.0,0.0,0.0,0.0,0.95,0.0
ningxia_coal_ultrasupercritical_costrecovering,0.0,0.0,0.0,0.0,0.0,0.95,0.0
ningxia_coal_ultrasupercritical_candidate,0.0,0.0,0.0,0.0,0.0,0.95,0.0
ningxia_coal_small_costrecovered,0.0,0.0,0.0,0.0,0.0,0.95,0.0
xinjiang_coal_subcritical_costrecovered,0.0,0.0,0.0,0.0,0.0,0.95,0.0
xinjiang_coal_subcritical_costrecovering,0.0,0.0,0.0,0.0,0.0,0.95,0.0
xinjiang_coal_supercritical_costrecovered,0.0,0.0,0.0,0.0,0.0,0.95,0.0
xinjiang_coal_supercritical_costrecovering,0.0,0.0,0.0,0.0,0.0,0.95,0.0
xinjiang_coal_supercritical_candidate,0.0,0.0,0.0,0.0,0.0,0.95,0.0
xinjiang_coal_ultrasupercritical_costrecovered,0.0,0.0,0.0,0.0,0.0,0.95,0.0
xinjiang_coal_ultrasupercritical_costrecovering,0.0,0.0,0.0,0.0,0.0,0.95,0.0
xinjiang_coal_ultrasupercritical_candidate,0.0,0.0,0.0,0.0,0.0,0.95,0.0
xinjiang_coal_small_costrecovered,0.0,0.0,0.0,0.0,0.0,0.95,0.0
xinjiang_coal_small_costrecovering,0.0,0.0,0.0,0.0,0.0,0.95,0.0
guangdong_coal_subcritical_costrecovered,0.0,0.0,0.0,0.0,0.0,0.0,0.95
guangdong_coal_subcritical_costrecovering,0.0,0.0,0.0,0.0,0.0,0.0,0.95
guangdong_coal_supercritical_costrecovered,0.0,0.0,0.0,0.0,0.0,0.0,0.95
guangdong_coal_supercritical_costrecovering,0.0,0.0,0.0,0.0,0.0,0.0,0.95
guangdong_coal_supercritical_candidate,0.0,0.0,0.0,0.0,0.0,0.0,0.95
guangdong_coal_ultrasupercritical_costrecovered,0.0,0.0,0.0,0.0,0.0,0.0,0.95
guangdong_coal_ultrasupercritical_costrecovering,0.0,0.0,0.0,0.0,0.0,0.0,0.95
guangdong_coal_ultrasupercritical_candidate,0.0,0.0,0.0,0.0,0.0,0.0,0.95
guangdong_coal_small_costrecovered,0.0,0.0,0.0,0.0,0.0,0.0,0.95
guangxi_coal_subcritical_costrecovered,0.0,0.0,0.0,0.0,0.0,0.0,0.95
guangxi_coal_supercritical_costrecovered,0.0,0.0,0.0,0.0,0.0,0.0,0.95
guangxi_coal_supercritical_costrecovering,0.0,0.0,0.0,0.0,0.0,0.0,0.95
guangxi_coal_supercritical_candidate,0.0,0.0,0.0,0.0,0.0,0.0,0.95
guangxi_coal_ultrasupercritical_costrecovered,0.0,0.0,0.0,0.0,0.0,0.0,0.95
guangxi_coal_ultrasupercritical_costrecovering,0.0,0.0,0.0,0.0,0.0,0.0,0.95
guangxi_coal_ultrasupercritical_candidate,0.0,0.0,0.0,0.0,0.0,0.0,0.95
guangxi_coal_small_costrecovered,0.0,0.0,0.0,0.0,0.0,0.0,0.95
guangxi_coal_small_costrecovering,0.0,0.0,0.0,0.0,0.0,0.0,0.95
hainan_coal_subcritical_costrecovered,0.0,0.0,0.0,0.0,0.0,0.0,0.95
hainan_coal_supercritical_costrecovered,0.0,0.0,0.0,0.0,0.0,0.0,0.95
hainan_coal_supercritical_costrecovering,0.0,0.0,0.0,0.0,0.0,0.0,0.95
hainan_coal_supercritical_candidate,0.0,0.0,0.0,0.0,0.0,0.0,0.95
hainan_coal_ultrasupercritical_costrecovered,0.0,0.0,0.0,0.0,0.0,0.0,0.95
hainan_coal_ultrasupercritical_costrecovering,0.0,0.0,0.0,0.0,0.0,0.0,0.95
hainan_coal_ultrasupercritical_candidate,0.0,0.0,0.0,0.0,0.0,0.0,0.95
guizhou_coal_subcritical_costrecovered,0.0,0.0,0.0,0.0,0.0,0.0,0.95
guizhou_coal_subcritical_costrecovering,0.0,0.0,0.0,0.0,0.0,0.0,0.95
guizhou_coal_supercritical_costrecovered,0.0,0.0,0.0,0.0,0.0,0.0,0.95
guizhou_coal_supercritical_costrecovering,0.0,0.0,0.0,0.0,0.0,0.0,0.95
guizhou_coal_supercritical_candidate,0.0,0.0,0.0,0.0,0.0,0.0,0.95
guizhou_coal_ultrasupercritical_costrecovered,0.0,0.0,0.0,0.0,0.0,0.0,0.95
guizhou_coal_ultrasupercritical_costrecovering,0.0,0.0,0.0,0.0,0.0,0.0,0.95
guizhou_coal_ultrasupercritical_candidate,0.0,0.0,0.0,0.0,0.0,0.0,0.95
guizhou_coal_small_costrecovered,0.0,0.0,0.0,0.0,0.0,0.0,0.95
guizhou_coal_small_costrecovering,0.0,0.0,0.0,0.0,0.0,0.0,0.95
yunnan_coal_subcritical_costrecovered,0.0,0.0,0.0,0.0,0.0,0.0,0.95
yunnan_coal_supercritical_costrecovered,0.0,0.0,0.0,0.0,0.0,0.0,0.95
yunnan_coal_supercritical_costrecovering,0.0,0.0,0.0,0.0,0.0,0.0,0.95
yunnan_coal_supercritical_candidate,0.0,0.0,0.0,0.0,0.0,0.0,0.95
yunnan_coal_ultrasupercritical_costrecovered,0.0,0.0,0.0,0.0,0.0,0.0,0.95
yunnan_coal_ultrasupercritical_costrecovering,0.0,0.0,0.0,0.0,0.0,0.0,0.95
yunnan_coal_ultrasupercritical_candidate,0.0,0.0,0.0,0.0,0.0,0.0,0.95
yunnan_coal_small_costrecovered,0.0,0.0,0.0,0.0,0.0,0.0,0.95
yunnan_coal_small_costrecovering,0.0,0.0,0.0,0.0,0.0,0.0,0.95
MD2huliao_coal_subcritical_costrecovered,0.0,0.95,0.0,0.0,0.0,0.0,0.0
MD2huliao_coal_supercritical_costrecovered,0.0,0.95,0.0,0.0,0.0,0.0,0.0
MD2huliao_coal_ultrasupercritical_costrecovered,0.0,0.95,0.0,0.0,0.0,0.0,0.0
MD2huliao_coal_ultrasupercritical_costrecovering,0.0,0.95,0.0,0.0,0.0,0.0,0.0
MD2huliao_coal_ultrasupercritical_candidate,0.0,0.95,0.0,0.0,0.0,0.0,0.0
XJ2jiquan_coal_ultrasupercritical_costrecovered,0.0,0.0,0.95,0.0,0.0,0.0,0.0
XJ2jiquan_coal_ultrasupercritical_costrecovering,0.0,0.0,0.95,0.0,0.0,0.0,0.0
XJ2jiquan_coal_ultrasupercritical_candidate,0.0,0.0,0.95,0.0,0.0,0.0,0.0
NX2lingshao_coal_ultrasupercritical_costrecovered,0.0,0.0,0.95,0.0,0.0,0.0,0.0
NX2lingshao_coal_ultrasupercritical_costrecovering,0.0,0.0,0.95,0.0,0.0,0.0,0.0
NX2lingshao_coal_ultrasupercritical_candidate,0.0,0.0,0.95,0.0,0.0,0.0,0.0
NX2ningdong_coal_supercritical_costrecovered,0.95,0.0,0.0,0.0,0.0,0.0,0.0
NX2ningdong_coal_supercritical_costrecovering,0.95,0.0,0.0,0.0,0.0,0.0,0.0
NX2ningdong_coal_ultrasupercritical_costrecovered,0.95,0.0,0.0,0.0,0.0,0.0,0.0
NX2ningdong_coal_ultrasupercritical_costrecovering,0.95,0.0,0.0,0.0,0.0,0.0,0.0
NX2ningdong_coal_ultrasupercritical_candidate,0.95,0.0,0.0,0.0,0.0,0.0,0.0
GS2qishao_coal_ultrasupercritical_costrecovered,0.0,0.0,0.0,0.95,0.0,0.0,0.0
GS2qishao_coal_ultrasupercritical_costrecovering,0.0,0.0,0.0,0.95,0.0,0.0,0.0
GS2qishao_coal_ultrasupercritical_candidate,0.0,0.0,0.0,0.95,0.0,0.0,0.0
XJ2tianzhong_coal_supercritical_costrecovered,0.0,0.0,0.0,0.95,0.0,0.0,0.0
XJ2tianzhong_coal_supercritical_costrecovering,0.0,0.0,0.0,0.95,0.0,0.0,0.0
XJ2tianzhong_coal_ultrasupercritical_costrecovered,0.0,0.0,0.0,0.95,0.0,0.0,0.0
XJ2tianzhong_coal_ultrasupercritical_costrecovering,0.0,0.0,0.0,0.95,0.0,0.0,0.0
XJ2tianzhong_coal_ultrasupercritical_candidate,0.0,0.0,0.0,0.95,0.0,0.0,0.0
MX2xitai_coal_subcritical_costrecovered,0.0,0.0,0.95,0.0,0.0,0.0,0.0
MX2xitai_coal_ultrasupercritical_costrecovered,0.0,0.0,0.95,0.0,0.0,0.0,0.0
MX2xitai_coal_ultrasupercritical_costrecovering,0.0,0.0,0.95,0.0,0.0,0.0,0.0
MX2xitai_coal_ultrasupercritical_candidate,0.0,0.0,0.95,0.0,0.0,0.0,0.0
SX2yanhuai_coal_supercritical_costrecovered,0.0,0.0,0.95,0.0,0.0,0.0,0.0
SX2yanhuai_coal_supercritical_costrecovering,0.0,0.0,0.95,0.0,0.0,0.0,0.0
SX2yanhuai_coal_ultrasupercritical_costrecovered,0.0,0.0,0.95,0.0,0.0,0.0,0.0
SX2yanhuai_coal_ultrasupercritical_costrecovering,0.0,0.0,0.95,0.0,0.0,0.0,0.0
SX2yanhuai_coal_ultrasupercritical_candidate,0.0,0.0,0.95,0.0,0.0,0.0,0.0
MX2zhaoyi_coal_ultrasupercritical_costrecovered,0.95,0.0,0.0,0.0,0.0,0.0,0.0
MX2zhaoyi_coal_ultrasupercritical_costrecovering,0.95,0.0,0.0,0.0,0.0,0.0,0.0
MX2zhaoyi_coal_ultrasupercritical_candidate,0.95,0.0,0.0,0.0,0.0,0.0,0.0
SAX2shanwu_coal_ultrasupercritical_costrecovered,0.0,0.0,0.0,0.95,0.0,0.0,0.0
SAX2shanwu_coal_ultrasupercritical_costrecovering,0.0,0.0,0.0,0.95,0.0,0.0,0.0
SAX2shanwu_coal_ultrasupercritical_candidate,0.0,0.0,0.0,0.95,0.0,0.0,0.0
NX2zhongheng_coal_ultrasupercritical_costrecovered,0.0,0.0,0.0,0.95,0.0,0.0,0.0
NX2zhongheng_coal_ultrasupercritical_costrecovering,0.0,0.0,0.0,0.95,0.0,0.0,0.0
NX2zhongheng_coal_ultrasupercritical_candidate,0.0,0.0,0.0,0.95,0.0,0.0,0.0
SAX2shanwan_coal_ultrasupercritical_costrecovered,0.0,0.0,0.95,0.0,0.0,0.0,0.0
SAX2shanwan_coal_ultrasupercritical_costrecovering,0.0,0.0,0.95,0.0,0.0,0.0,0.0
SAX2shanwan_coal_ultrasupercritical_candidate,0.0,0.0,0.95,0.0,0.0,0.0,0.0
GS2ganzhe_coal_ultrasupercritical_costrecovered,0.0,0.0,0.95,0.0,0.0,0.0,0.0
GS2ganzhe_coal_ultrasupercritical_costrecovering,0.0,0.0,0.95,0.0,0.0,0.0,0.0
GS2ganzhe_coal_ultrasupercritical_candidate,0.0,0.0,0.95,0.0,0.0,0.0,0.0
XJ2kunyu_coal_ultrasupercritical_costrecovered,0.0,0.0,0.0,0.0,0.95,0.0,0.0
XJ2kunyu_coal_ultrasupercritical_costrecovering,0.0,0.0,0.0,0.0,0.95,0.0,0.0
XJ2kunyu_coal_ultrasupercritical_candidate,0.0,0.0,0.0,0.0,0.95,0.0,0.0
QH2qinggui_coal_ultrasupercritical_costrecovered,0.0,0.0,0.0,0.0,0.0,0.0,0.95
QH2qinggui_coal_ultrasupercritical_costrecovering,0.0,0.0,0.0,0.0,0.0,0.0,0.95
QH2qinggui_coal_ultrasupercritical_candidate,0.0,0.0,0.0,0.0,0.0,0.0,0.95
SAX2shanyu_coal_ultrasupercritical_costrecovered,0.0,0.0,0.0,0.95,0.0,0.0,0.0
SAX2shanyu_coal_ultrasupercritical_costrecovering,0.0,0.0,0.0,0.95,0.0,0.0,0.0
SAX2shanyu_coal_ultrasupercritical_candidate,0.0,0.0,0.0,0.95,0.0,0.0,0.0
XJ2ruoqiang_coal_ultrasupercritical_costrecovered,0.0,0.0,0.0,0.0,0.95,0.0,0.0
XJ2ruoqiang_coal_ultrasupercritical_costrecovering,0.0,0.0,0.0,0.0,0.95,0.0,0.0
XJ2ruoqiang_coal_ultrasupercritical_candidate,0.0,0.0,0.0,0.0,0.95,0.0,0.0
GS2longdong_coal_ultrasupercritical_costrecovered,0.95,0.0,0.0,0.0,0.0,0.0,0.0
GS2longdong_coal_ultrasupercritical_costrecovering,0.95,0.0,0.0,0.0,0.0,0.0,0.0
GS2longdong_coal_ultrasupercritical_candidate,0.95,0.0,0.0,0.0,0.0,0.0,0.0
GS2ganchuan_coal_ultrasupercritical_costrecovered,0.0,0.0,0.0,0.0,0.95,0.0,0.0
GS2ganchuan_coal_ultrasupercritical_costrecovering,0.0,0.0,0.0,0.0,0.95,0.0,0.0
GS2ganchuan_coal_ultrasupercritical_candidate,0.0,0.0,0.0,0.0,0.95,0.0,0.0
MX2menggan_coal_ultrasupercritical_costrecovered,0.0,0.0,0.0,0.95,0.0,0.0,0.0
MX2menggan_coal_ultrasupercritical_costrecovering,0.0,0.0,0.0,0.95,0.0,0.0,0.0
MX2menggan_coal_ultrasupercritical_candidate,0.0,0.0,0.0,0.95,0.0,0.0,0.0
MX2menghu_coal_ultrasupercritical_costrecovered,0.0,0.0,0.95,0.0,0.0,0.0,0.0
MX2menghu_coal_ultrasupercritical_costrecovering,0.0,0.0,0.95,0.0,0.0,0.0,0.0
MX2menghu_coal_ultrasupercritical_candidate,0.0,0.0,0.95,0.0,0.0,0.0,0.0
MX2mengsu_coal_ultrasupercritical_costrecovered,0.0,0.0,0.95,0.0,0.0,0.0,0.0
MX2mengsu_coal_ultrasupercritical_costrecovering,0.0,0.0,0.95,0.0,0.0,0.0,0.0
MX2mengsu_coal_ultrasupercritical_candidate,0.0,0.0,0.95,0.0,0.0,0.0,0.0
MX2mengwan_coal_ultrasupercritical_costrecovered,0.0,0.0,0.95,0.0,0.0,0.0,0.0
MX2mengwan_coal_ultrasupercritical_costrecovering,0.0,0.0,0.95,0.0,0.0,0.0,0.0
MX2mengwan_coal_ultrasupercritical_candidate,0.0,0.0,0.95,0.0,0.0,0.0,0.0
JL2songliao_coal_ultrasupercritical_costrecovered,0.95,0.0,0.0,0.0,0.0,0.0,0.0
JL2songliao_coal_ultrasupercritical_costrecovering,0.95,0.0,0.0,0.0,0.0,0.0,0.0
JL2songliao_coal_ultrasupercritical_candidate,0.95,0.0,0.0,0.0,0.0,0.0,0.0
QH2qingyue_coal_ultrasupercritical_costrecovered,0.0,0.0,0.0,0.0,0.0,0.0,0.95
QH2qingyue_coal_ultrasupercritical_costrecovering,0.0,0.0,0.0,0.0,0.0,0.0,0.95
QH2qingyue_coal_ultrasupercritical_candidate,0.0,0.0,0.0,0.0,0.0,0.0,0.95
beijing_naturalgas_ngcc_costrecovered,0.7,0.0,0.0,0.0,0.0,0.0,0.0
beijing_naturalgas_ngcc_costrecovering,0.7,0.0,0.0,0.0,0.0,0.0,0.0
beijing_naturalgas_ngcc_candidate,0.7,0.0,0.0,0.0,0.0,0.0,0.0
tianjin_naturalgas_ngcc_costrecovered,0.7,0.0,0.0,0.0,0.0,0.0,0.0
tianjin_naturalgas_ngcc_costrecovering,0.7,0.0,0.0,0.0,0.0,0.0,0.0
tianjin_naturalgas_ngcc_candidate,0.7,0.0,0.0,0.0,0.0,0.0,0.0
jibei_naturalgas_ngcc_costrecovered,0.7,0.0,0.0,0.0,0.0,0.0,0.0
jibei_naturalgas_ngcc_costrecovering,0.7,0.0,0.0,0.0,0.0,0.0,0.0
jibei_naturalgas_ngcc_candidate,0.7,0.0,0.0,0.0,0.0,0.0,0.0
jinan_naturalgas_ngcc_costrecovered,0.7,0.0,0.0,0.0,0.0,0.0,0.0
jinan_naturalgas_ngcc_costrecovering,0.7,0.0,0.0,0.0,0.0,0.0,0.0
jinan_naturalgas_ngcc_candidate,0.7,0.0,0.0,0.0,0.0,0.0,0.0
shanxi_naturalgas_ngcc_costrecovered,0.7,0.0,0.0,0.0,0.0,0.0,0.0
shanxi_naturalgas_ngcc_costrecovering,0.7,0.0,0.0,0.0,0.0,0.0,0.0
shanxi_naturalgas_ngcc_candidate,0.7,0.0,0.0,0.0,0.0,0.0,0.0
shandong_naturalgas_ngcc_costrecovered,0.7,0.0,0.0,0.0,0.0,0.0,0.0
shandong_naturalgas_ngcc_costrecovering,0.7,0.0,0.0,0.0,0.0,0.0,0.0
shandong_naturalgas_ngcc_candidate,0.7,0.0,0.0,0.0,0.0,0.0,0.0
mengxi_naturalgas_ngcc_costrecovered,0.7,0.0,0.0,0.0,0.0,0.0,0.0
mengxi_naturalgas_ngcc_costrecovering,0.7,0.0,0.0,0.0,0.0,0.0,0.0
mengxi_naturalgas_ngcc_candidate,0.7,0.0,0.0,0.0,0.0,0.0,0.0
mengdong_naturalgas_ngcc_costrecovered,0.0,0.7,0.0,0.0,0.0,0.0,0.0
mengdong_naturalgas_ngcc_costrecovering,0.0,0.7,0.0,0.0,0.0,0.0,0.0
mengdong_naturalgas_ngcc_candidate,0.0,0.7,0.0,0.0,0.0,0.0,0.0
liaoning_naturalgas_ngcc_costrecovered,0.0,0.7,0.0,0.0,0.0,0.0,0.0
liaoning_naturalgas_ngcc_costrecovering,0.0,0.7,0.0,0.0,0.0,0.0,0.0
liaoning_naturalgas_ngcc_candidate,0.0,0.7,0.0,0.0,0.0,0.0,0.0
jilin_naturalgas_ngcc_costrecovered,0.0,0.7,0.0,0.0,0.0,0.0,0.0
jilin_naturalgas_ngcc_costrecovering,0.0,0.7,0.0,0.0,0.0,0.0,0.0
jilin_naturalgas_ngcc_candidate,0.0,0.7,0.0,0.0,0.0,0.0,0.0
heilongjiang_naturalgas_ngcc_costrecovered,0.0,0.7,0.0,0.0,0.0,0.0,0.0
heilongjiang_naturalgas_ngcc_costrecovering,0.0,0.7,0.0,0.0,0.0,0.0,0.0
heilongjiang_naturalgas_ngcc_candidate,0.0,0.7,0.0,0.0,0.0,0.0,0.0
shanghai_naturalgas_ngcc_costrecovered,0.0,0.0,0.7,0.0,0.0,0.0,0.0
shanghai_naturalgas_ngcc_costrecovering,0.0,0.0,0.7,0.0,0.0,0.0,0.0
shanghai_naturalgas_ngcc_candidate,0.0,0.0,0.7,0.0,0.0,0.0,0.0
jiangsu_naturalgas_ngcc_costrecovered,0.0,0.0,0.7,0.0,0.0,0.0,0.0
jiangsu_naturalgas_ngcc_costrecovering,0.0,0.0,0.7,0.0,0.0,0.0,0.0
jiangsu_naturalgas_ngcc_candidate,0.0,0.0,0.7,0.0,0.0,0.0,0.0
zhejiang_naturalgas_ngcc_costrecovered,0.0,0.0,0.7,0.0,0.0,0.0,0.0
zhejiang_naturalgas_ngcc_costrecovering,0.0,0.0,0.7,0.0,0.0,0.0,0.0
zhejiang_naturalgas_ngcc_candidate,0.0,0.0,0.7,0.0,0.0,0.0,0.0
anhui_naturalgas_ngcc_costrecovered,0.0,0.0,0.7,0.0,0.0,0.0,0.0
anhui_naturalgas_ngcc_costrecovering,0.0,0.0,0.7,0.0,0.0,0.0,0.0
anhui_naturalgas_ngcc_candidate,0.0,0.0,0.7,0.0,0.0,0.0,0.0
fujian_naturalgas_ngcc_costrecovered,0.0,0.0,0.7,0.0,0.0,0.0,0.0
fujian_naturalgas_ngcc_costrecovering,0.0,0.0,0.7,0.0,0.0,0.0,0.0
fujian_naturalgas_ngcc_candidate,0.0,0.0,0.7,0.0,0.0,0.0,0.0
jiangxi_naturalgas_ngcc_costrecovered,0.0,0.0,0.0,0.7,0.0,0.0,0.0
jiangxi_naturalgas_ngcc_costrecovering,0.0,0.0,0.0,0.7,0.0,0.0,0.0
jiangxi_naturalgas_ngcc_candidate,0.0,0.0,0.0,0.7,0.0,0.0,0.0
henan_naturalgas_ngcc_costrecovered,0.0,0.0,0.0,0.7,0.0,0.0,0.0
henan_naturalgas_ngcc_costrecovering,0.0,0.0,0.0,0.7,0.0,0.0,0.0
henan_naturalgas_ngcc_candidate,0.0,0.0,0.0,0.7,0.0,0.0,0.0
hubei_naturalgas_ngcc_costrecovered,0.0,0.0,0.0,0.7,0.0,0.0,0.0
hubei_naturalgas_ngcc_costrecovering,0.0,0.0,0.0,0.7,0.0,0.0,0.0
hubei_naturalgas_ngcc_candidate,0.0,0.0,0.0,0.7,0.0,0.0,0.0
hunan_naturalgas_ngcc_costrecovered,0.0,0.0,0.0,0.7,0.0,0.0,0.0
hunan_naturalgas_ngcc_costrecovering,0.0,0.0,0.0,0.7,0.0,0.0,0.0
hunan_naturalgas_ngcc_candidate,0.0,0.0,0.0,0.7,0.0,0.0,0.0
chongqing_naturalgas_ngcc_costrecovered,0.0,0.0,0.0,0.0,0.7,0.0,0.0
chongqing_naturalgas_ngcc_costrecovering,0.0,0.0,0.0,0.0,0.7,0.0,0.0
chongqing_naturalgas_ngcc_candidate,0.0,0.0,0.0,0.0,0.7,0.0,0.0
sichuan_naturalgas_ngcc_costrecovered,0.0,0.0,0.0,0.0,0.7,0.0,0.0
sichuan_naturalgas_ngcc_costrecovering,0.0,0.0,0.0,0.0,0.7,0.0,0.0
sichuan_naturalgas_ngcc_candidate,0.0,0.0,0.0,0.0,0.7,0.0,0.0
shaanxi_naturalgas_ngcc_costrecovered,0.0,0.0,0.0,0.0,0.0,0.7,0.0
shaanxi_naturalgas_ngcc_costrecovering,0.0,0.0,0.0,0.0,0.0,0.7,0.0
shaanxi_naturalgas_ngcc_candidate,0.0,0.0,0.0,0.0,0.0,0.7,0.0
gansu_naturalgas_ngcc_costrecovered,0.0,0.0,0.0,0.0,0.0,0.7,0.0
gansu_naturalgas_ngcc_costrecovering,0.0,0.0,0.0,0.0,0.0,0.7,0.0
gansu_naturalgas_ngcc_candidate,0.0,0.0,0.0,0.0,0.0,0.7,0.0
qinghai_naturalgas_ngcc_costrecovered,0.0,0.0,0.0,0.0,0.0,0.7,0.0
qinghai_naturalgas_ngcc_costrecovering,0.0,0.0,0.0,0.0,0.0,0.7,0.0
qinghai_naturalgas_ngcc_candidate,0.0,0.0,0.0,0.0,0.0,0.7,0.0
ningxia_naturalgas_ngcc_costrecovered,0.0,0.0,0.0,0.0,0.0,0.7,0.0
ningxia_naturalgas_ngcc_costrecovering,0.0,0.0,0.0,0.0,0.0,0.7,0.0
ningxia_naturalgas_ngcc_candidate,0.0,0.0,0.0,0.0,0.0,0.7,0.0
xinjiang_naturalgas_ngcc_costrecovered,0.0,0.0,0.0,0.0,0.0,0.7,0.0
xinjiang_naturalgas_ngcc_costrecovering,0.0,0.0,0.0,0.0,0.0,0.7,0.0
xinjiang_naturalgas_ngcc_candidate,0.0,0.0,0.0,0.0,0.0,0.7,0.0
guangdong_naturalgas_ngcc_costrecovered,0.0,0.0,0.0,0.0,0.0,0.0,0.7
guangdong_naturalgas_ngcc_costrecovering,0.0,0.0,0.0,0.0,0.0,0.0,0.7
guangdong_naturalgas_ngcc_candidate,0.0,0.0,0.0,0.0,0.0,0.0,0.7
guangxi_naturalgas_ngcc_costrecovered,0.0,0.0,0.0,0.0,0.0,0.0,0.7
guangxi_naturalgas_ngcc_costrecovering,0.0,0.0,0.0,0.0,0.0,0.0,0.7
guangxi_naturalgas_ngcc_candidate,0.0,0.0,0.0,0.0,0.0,0.0,0.7
hainan_naturalgas_ngcc_costrecovered,0.0,0.0,0.0,0.0,0.0,0.0,0.7
hainan_naturalgas_ngcc_costrecovering,0.0,0.0,0.0,0.0,0.0,0.0,0.7
hainan_naturalgas_ngcc_candidate,0.0,0.0,0.0,0.0,0.0,0.0,0.7
guizhou_naturalgas_ngcc_costrecovered,0.0,0.0,0.0,0.0,0.0,0.0,0.7
guizhou_naturalgas_ngcc_costrecovering,0.0,0.0,0.0,0.0,0.0,0.0,0.7
guizhou_naturalgas_ngcc_candidate,0.0,0.0,0.0,0.0,0.0,0.0,0.7
yunnan_naturalgas_ngcc_costrecovered,0.0,0.0,0.0,0.0,0.0,0.0,0.7
yunnan_naturalgas_ngcc_costrecovering,0.0,0.0,0.0,0.0,0.0,0.0,0.7
yunnan_naturalgas_ngcc_candidate,0.0,0.0,0.0,0.0,0.0,0.0,0.7
MX2jilu_coal_ultrasupercritical_costrecovered,0.95,0.0,0.0,0.0,0.0,0.0,0.0
MX2jilu_coal_ultrasupercritical_costrecovering,0.95,0.0,0.0,0.0,0.0,0.0,0.0
MX2jilu_coal_ultrasupercritical_candidate,0.95,0.0,0.0,0.0,0.0,0.0,0.0
MX2jingjinji_coal_ultrasupercritical_costrecovered,0.0,0.0,0.0,0.0,0.0,0.0,0.0
MX2jingjinji_coal_ultrasupercritical_costrecovering,0.0,0.0,0.0,0.0,0.0,0.0,0.0
MX2jingjinji_coal_ultrasupercritical_candidate,0.0,0.0,0.0,0.0,0.0,0.0,0.0
XJ2wu_coal_ultrasupercritical_costrecovered,0.0,0.0,0.0,0.0,0.95,0.0,0.0
XJ2wu_coal_ultrasupercritical_costrecovering,0.0,0.0,0.0,0.0,0.95,0.0,0.0
XJ2wu_coal_ultrasupercritical_candidate,0.0,0.0,0.0,0.0,0.95,0.0,0.0
XJ2liu_coal_ultrasupercritical_costrecovered,0.0,0.0,0.0,0.95,0.0,0.0,0.0
XJ2liu_coal_ultrasupercritical_costrecovering,0.0,0.0,0.0,0.95,0.0,0.0,0.0
XJ2liu_coal_ultrasupercritical_candidate,0.0,0.0,0.0,0.95,0.0,0.0,0.0
XJ2qi_coal_ultrasupercritical_costrecovered,0.0,0.0,0.0,0.95,0.0,0.0,0.0
XJ2qi_coal_ultrasupercritical_costrecovering,0.0,0.0,0.0,0.95,0.0,0.0,0.0
XJ2qi_coal_ultrasupercritical_candidate,0.0,0.0,0.0,0.95,0.0,0.0,0.0
XJ2ba_coal_ultrasupercritical_costrecovered,0.0,0.0,0.0,0.0,0.0,0.0,0.95
XJ2ba_coal_ultrasupercritical_costrecovering,0.0,0.0,0.0,0.0,0.0,0.0,0.95
XJ2ba_coal_ultrasupercritical_candidate,0.0,0.0,0.0,0.0,0.0,0.0,0.95
NX2wu_coal_ultrasupercritical_costrecovered,0.0,0.0,0.0,0.95,0.0,0.0,0.0
NX2wu_coal_ultrasupercritical_costrecovering,0.0,0.0,0.0,0.95,0.0,0.0,0.0
NX2wu_coal_ultrasupercritical_candidate,0.0,0.0,0.0,0.95,0.0,0.0,0.0
GS2baer_coal_ultrasupercritical_costrecovered,0.0,0.0,0.95,0.0,0.0,0.0,0.0
GS2baer_coal_ultrasupercritical_costrecovering,0.0,0.0,0.95,0.0,0.0,0.0,0.0
GS2baer_coal_ultrasupercritical_candidate,0.0,0.0,0.95,0.0,0.0,0.0,0.0
QH2delingha_coal_ultrasupercritical_costrecovered,0.0,0.0,0.0,0.0,0.0,0.0,0.95
QH2delingha_coal_ultrasupercritical_costrecovering,0.0,0.0,0.0,0.0,0.0,0.0,0.95
QH2delingha_coal_ultrasupercritical_candidate,0.0,0.0,0.0,0.0,0.0,0.0,0.95
QH2dongxitai_coal_ultrasupercritical_costrecovered,0.0,0.0,0.0,0.0,0.0,0.0,0.95
QH2dongxitai_coal_ultrasupercritical_costrecovering,0.0,0.0,0.0,0.0,0.0,0.0,0.95
QH2dongxitai_coal_ultrasupercritical_candidate,0.0,0.0,0.0,0.0,0.0,0.0,0.95
HAB2tegaoya_coal_subcritical_costrecovered,0.95,0.0,0.0,0.0,0.0,0.0,0.0
HAB2tegaoya_coal_subcritical_costrecovering,0.95,0.0,0.0,0.0,0.0,0.0,0.0
HAB2tegaoya_coal_supercritical_costrecovered,0.95,0.0,0.0,0.0,0.0,0.0,0.0
HAB2tegaoya_coal_supercritical_costrecovering,0.95,0.0,0.0,0.0,0.0,0.0,0.0
HAB2tegaoya_coal_ultrasupercritical_costrecovered,0.95,0.0,0.0,0.0,0.0,0.0,0.0
HAB2tegaoya_coal_ultrasupercritical_costrecovering,0.95,0.0,0.0,0.0,0.0,0.0,0.0
HAB2tegaoya_coal_ultrasupercritical_candidate,0.95,0.0,0.0,0.0,0.0,0.0,0.0
YN2lugao_coal_ultrasupercritical_costrecovered,0.0,0.0,0.0,0.0,0.0,0.0,0.95
YN2lugao_coal_ultrasupercritical_costrecovering,0.0,0.0,0.0,0.0,0.0,0.0,0.95
YN2lugao_coal_ultrasupercritical_candidate,0.0,0.0,0.0,0.0,0.0,0.0,0.95
GZ2gaozhao_coal_ultrasupercritical_costrecovered,0.0,0.0,0.0,0.0,0.0,0.0,0.95
GZ2gaozhao_coal_ultrasupercritical_costrecovering,0.0,0.0,0.0,0.0,0.0,0.0,0.95
GZ2gaozhao_coal_ultrasupercritical_candidate,0.0,0.0,0.0,0.0,0.0,0.0,0.95
GZ2xingan_coal_ultrasupercritical_costrecovered,0.0,0.0,0.0,0.0,0.0,0.0,0.95
GZ2xingan_coal_ultrasupercritical_costrecovering,0.0,0.0,0.0,0.0,0.0,0.0,0.95
GZ2xingan_coal_ultrasupercritical_candidate,0.0,0.0,0.0,0.0,0.0,0.0,0.95
MX2zhejiang_coal_ultrasupercritical_costrecovered,0.0,0.0,0.95,0.0,0.0,0.0,0.0
MX2zhejiang_coal_ultrasupercritical_costrecovering,0.0,0.0,0.95,0.0,0.0,0.0,0.0
MX2zhejiang_coal_ultrasupercritical_candidate,0.0,0.0,0.95,0.0,0.0,0.0,0.0
MX2henan_coal_ultrasupercritical_costrecovered,0.0,0.0,0.0,0.95,0.0,0.0,0.0
MX2henan_coal_ultrasupercritical_costrecovering,0.0,0.0,0.0,0.95,0.0,0.0,0.0
MX2henan_coal_ultrasupercritical_candidate,0.0,0.0,0.0,0.95,0.0,0.0,0.0
MX2hubei_coal_ultrasupercritical_costrecovered,0.0,0.0,0.0,0.95,0.0,0.0,0.0
MX2hubei_coal_ultrasupercritical_costrecovering,0.0,0.0,0.0,0.95,0.0,0.0,0.0
MX2hubei_coal_ultrasupercritical_candidate,0.0,0.0,0.0,0.95,0.0,0.0,0.0
MX2hunan_coal_ultrasupercritical_costrecovered,0.0,0.0,0.0,0.95,0.0,0.0,0.0
MX2hunan_coal_ultrasupercritical_costrecovering,0.0,0.0,0.0,0.95,0.0,0.0,0.0
MX2hunan_coal_ultrasupercritical_candidate,0.0,0.0,0.0,0.95,0.0,0.0,0.0
JL2hebei_coal_ultrasupercritical_costrecovered,0.0,0.0,0.0,0.0,0.0,0.0,0.0
JL2hebei_coal_ultrasupercritical_costrecovering,0.0,0.0,0.0,0.0,0.0,0.0,0.0
JL2hebei_coal_ultrasupercritical_candidate,0.0,0.0,0.0,0.0,0.0,0.0,0.0
JL2shandong_coal_ultrasupercritical_costrecovered,0.95,0.0,0.0,0.0,0.0,0.0,0.0
JL2shandong_coal_ultrasupercritical_costrecovering,0.95,0.0,0.0,0.0,0.0,0.0,0.0
JL2shandong_coal_ultrasupercritical_candidate,0.95,0.0,0.0,0.0,0.0,0.0,0.0
HLJ2jjt_coal_ultrasupercritical_costrecovered,0.0,0.0,0.0,0.0,0.0,0.0,0.0
HLJ2jjt_coal_ultrasupercritical_costrecovering,0.0,0.0,0.0,0.0,0.0,0.0,0.0
HLJ2jjt_coal_ultrasupercritical_candidate,0.0,0.0,0.0,0.0,0.0,0.0,0.0
HLJ2hebei_coal_ultrasupercritical_costrecovered,0.0,0.0,0.0,0.0,0.0,0.0,0.0
HLJ2hebei_coal_ultrasupercritical_costrecovering,0.0,0.0,0.0,0.0,0.0,0.0,0.0
HLJ2hebei_coal_ultrasupercritical_candidate,0.0,0.0,0.0,0.0,0.0,0.0,0.0
HLJ2shandong_coal_ultrasupercritical_costrecovered,0.95,0.0,0.0,0.0,0.0,0.0,0.0
HLJ2shandong_coal_ultrasupercritical_costrecovering,0.95,0.0,0.0,0.0,0.0,0.0,0.0
HLJ2shandong_coal_ultrasupercritical_candidate,0.95,0.0,0.0,0.0,0.0,0.0,0.0
SAX2shanghai_coal_ultrasupercritical_costrecovered,0.0,0.0,0.95,0.0,0.0,0.0,0.0
SAX2shanghai_coal_ultrasupercritical_costrecovering,0.0,0.0,0.95,0.0,0.0,0.0,0.0
SAX2shanghai_coal_ultrasupercritical_candidate,0.0,0.0,0.95,0.0,0.0,0.0,0.0
SAX2jiangsu_coal_ultrasupercritical_costrecovered,0.0,0.0,0.95,0.0,0.0,0.0,0.0
SAX2jiangsu_coal_ultrasupercritical_costrecovering,0.0,0.0,0.95,0.0,0.0,0.0,0.0
SAX2jiangsu_coal_ultrasupercritical_candidate,0.0,0.0,0.95,0.0,0.0,0.0,0.0
SAX2zhejiang_coal_ultrasupercritical_costrecovered,0.0,0.0,0.95,0.0,0.0,0.0,0.0
SAX2zhejiang_coal_ultrasupercritical_costrecovering,0.0,0.0,0.95,0.0,0.0,0.0,0.0
SAX2zhejiang_coal_ultrasupercritical_candidate,0.0,0.0,0.95,0.0,0.0,0.0,0.0
SAX2hunan_coal_ultrasupercritical_costrecovered,0.0,0.0,0.0,0.95,0.0,0.0,0.0
SAX2hunan_coal_ultrasupercritical_costrecovering,0.0,0.0,0.0,0.95,0.0,0.0,0.0
SAX2hunan_coal_ultrasupercritical_candidate,0.0,0.0,0.0,0.95,0.0,0.0,0.0
SAX2jiangxi_coal_ultrasupercritical_costrecovered,0.0,0.0,0.0,0.95,0.0,0.0,0.0
SAX2jiangxi_coal_ultrasupercritical_costrecovering,0.0,0.0,0.0,0.95,0.0,0.0,0.0
SAX2jiangxi_coal_ultrasupercritical_candidate,0.0,0.0,0.0,0.95,0.0,0.0,0.0
GS2hebei_coal_ultrasupercritical_costrecovered,0.0,0.0,0.0,0.0,0.0,0.0,0.0
GS2hebei_coal_ultrasupercritical_costrecovering,0.0,0.0,0.0,0.0,0.0,0.0,0.0
GS2hebei_coal_ultrasupercritical_candidate,0.0,0.0,0.0,0.0,0.0,0.0,0.0
GS2jiangsu_coal_ultrasupercritical_costrecovered,0.0,0.0,0.95,0.0,0.0,0.0,0.0
GS2jiangsu_coal_ultrasupercritical_costrecovering,0.0,0.0,0.95,0.0,0.0,0.0,0.0
GS2jiangsu_coal_ultrasupercritical_candidate,0.0,0.0,0.95,0.0,0.0,0.0,0.0
GS2henan_coal_ultrasupercritical_costrecovered,0.0,0.0,0.0,0.95,0.0,0.0,0.0
GS2henan_coal_ultrasupercritical_costrecovering,0.0,0.0,0.0,0.95,0.0,0.0,0.0
GS2henan_coal_ultrasupercritical_candidate,0.0,0.0,0.0,0.95,0.0,0.0,0.0
GS2hubei_coal_ultrasupercritical_costrecovered,0.0,0.0,0.0,0.95,0.0,0.0,0.0
GS2hubei_coal_ultrasupercritical_costrecovering,0.0,0.0,0.0,0.95,0.0,0.0,0.0
GS2hubei_coal_ultrasupercritical_candidate,0.0,0.0,0.0,0.95,0.0,0.0,0.0
GS2jiangxi_coal_ultrasupercritical_costrecovered,0.0,0.0,0.0,0.95,0.0,0.0,0.0
GS2jiangxi_coal_ultrasupercritical_costrecovering,0.0,0.0,0.0,0.95,0.0,0.0,0.0
GS2jiangxi_coal_ultrasupercritical_candidate,0.0,0.0,0.0,0.95,0.0,0.0,0.0
GS2chongqing_coal_ultrasupercritical_costrecovered,0.0,0.0,0.0,0.0,0.95,0.0,0.0
GS2chongqing_coal_ultrasupercritical_costrecovering,0.0,0.0,0.0,0.0,0.95,0.0,0.0
GS2chongqing_coal_ultrasupercritical_candidate,0.0,0.0,0.0,0.0,0.95,0.0,0.0
QH2jiangsu_coal_ultrasupercritical_costrecovered,0.0,0.0,0.95,0.0,0.0,0.0,0.0
QH2jiangsu_coal_ultrasupercritical_costrecovering,0.0,0.0,0.95,0.0,0.0,0.0,0.0
QH2jiangsu_coal_ultrasupercritical_candidate,0.0,0.0,0.95,0.0,0.0,0.0,0.0
QH2anhui_coal_ultrasupercritical_costrecovered,0.0,0.0,0.95,0.0,0.0,0.0,0.0
QH2anhui_coal_ultrasupercritical_costrecovering,0.0,0.0,0.95,0.0,0.0,0.0,0.0
QH2anhui_coal_ultrasupercritical_candidate,0.0,0.0,0.95,0.0,0.0,0.0,0.0
QH2hubei_coal_ultrasupercritical_costrecovered,0.0,0.0,0.0,0.95,0.0,0.0,0.0
QH2hubei_coal_ultrasupercritical_costrecovering,0.0,0.0,0.0,0.95,0.0,0.0,0.0
QH2hubei_coal_ultrasupercritical_candidate,0.0,0.0,0.0,0.95,0.0,0.0,0.0
QH2hunan_coal_ultrasupercritical_costrecovered,0.0,0.0,0.0,0.95,0.0,0.0,0.0
QH2hunan_coal_ultrasupercritical_costrecovering,0.0,0.0,0.0,0.95,0.0,0.0,0.0
QH2hunan_coal_ultrasupercritical_candidate,0.0,0.0,0.0,0.95,0.0,0.0,0.0
QH2jiangxi_coal_ultrasupercritical_costrecovered,0.0,0.0,0.0,0.95,0.0,0.0,0.0
QH2jiangxi_coal_ultrasupercritical_costrecovering,0.0,0.0,0.0,0.95,0.0,0.0,0.0
QH2jiangxi_coal_ultrasupercritical_candidate,0.0,0.0,0.0,0.95,0.0,0.0,0.0
QH2sichuan_coal_ultrasupercritical_costrecovered,0.0,0.0,0.0,0.0,0.95,0.0,0.0
QH2sichuan_coal_ultrasupercritical_costrecovering,0.0,0.0,0.0,0.0,0.95,0.0,0.0
QH2sichuan_coal_ultrasupercritical_candidate,0.0,0.0,0.0,0.0,0.95,0.0,0.0
QH2chongqing_coal_ultrasupercritical_costrecovered,0.0,0.0,0.0,0.0,0.95,0.0,0.0
QH2chongqing_coal_ultrasupercritical_costrecovering,0.0,0.0,0.0,0.0,0.95,0.0,0.0
QH2chongqing_coal_ultrasupercritical_candidate,0.0,0.0,0.0,0.0,0.95,0.0,0.0
NX2shanghai_coal_ultrasupercritical_costrecovered,0.0,0.0,0.95,0.0,0.0,0.0,0.0
NX2shanghai_coal_ultrasupercritical_costrecovering,0.0,0.0,0.95,0.0,0.0,0.0,0.0
NX2shanghai_coal_ultrasupercritical_candidate,0.0,0.0,0.95,0.0,0.0,0.0,0.0
NX2jiangsu_coal_ultrasupercritical_costrecovered,0.0,0.0,0.95,0.0,0.0,0.0,0.0
NX2jiangsu_coal_ultrasupercritical_costrecovering,0.0,0.0,0.95,0.0,0.0,0.0,0.0
NX2jiangsu_coal_ultrasupercritical_candidate,0.0,0.0,0.95,0.0,0.0,0.0,0.0
NX2anhui_coal_ultrasupercritical_costrecovered,0.0,0.0,0.95,0.0,0.0,0.0,0.0
NX2anhui_coal_ultrasupercritical_costrecovering,0.0,0.0,0.95,0.0,0.0,0.0,0.0
NX2anhui_coal_ultrasupercritical_candidate,0.0,0.0,0.95,0.0,0.0,0.0,0.0
NX2jiangxi_coal_ultrasupercritical_costrecovered,0.0,0.0,0.0,0.95,0.0,0.0,0.0
NX2jiangxi_coal_ultrasupercritical_costrecovering,0.0,0.0,0.0,0.95,0.0,0.0,0.0
NX2jiangxi_coal_ultrasupercritical_candidate,0.0,0.0,0.0,0.95,0.0,0.0,0.0
XJ2hubei_coal_ultrasupercritical_costrecovered,0.0,0.0,0.0,0.95,0.0,0.0,0.0
XJ2hubei_coal_ultrasupercritical_costrecovering,0.0,0.0,0.0,0.95,0.0,0.0,0.0
XJ2hubei_coal_ultrasupercritical_candidate,0.0,0.0,0.0,0.95,0.0,0.0,0.0
XJ2guizhou_coal_ultrasupercritical_costrecovered,0.0,0.0,0.0,0.0,0.0,0.0,0.95
XJ2guizhou_coal_ultrasupercritical_costrecovering,0.0,0.0,0.0,0.0,0.0,0.0,0.95
XJ2guizhou_coal_ultrasupercritical_candidate,0.0,0.0,0.0,0.0,0.0,0.0,0.95
MD2beijing_coal_ultrasupercritical_costrecovered,0.0,0.0,0.0,0.0,0.0,0.0,0.0
MD2beijing_coal_ultrasupercritical_costrecovering,0.0,0.0,0.0,0.0,0.0,0.0,0.0
MD2beijing_coal_ultrasupercritical_candidate,0.0,0.0,0.0,0.0,0.0,0.0,0.0
MD2hebei_coal_ultrasupercritical_costrecovered,0.0,0.0,0.0,0.0,0.0,0.0,0.0
MD2hebei_coal_ultrasupercritical_costrecovering,0.0,0.0,0.0,0.0,0.0,0.0,0.0
MD2hebei_coal_ultrasupercritical_candidate,0.0,0.0,0.0,0.0,0.0,0.0,0.0
MD2shandong_coal_ultrasupercritical_costrecovered,0.95,0.0,0.0,0.0,0.0,0.0,0.0
MD2shandong_coal_ultrasupercritical_costrecovering,0.95,0.0,0.0,0.0,0.0,0.0,0.0
MD2shandong_coal_ultrasupercritical_candidate,0.95,0.0,0.0,0.0,0.0,0.0,0.0
MD2henan_coal_ultrasupercritical_costrecovered,0.0,0.0,0.0,0.95,0.0,0.0,0.0
MD2henan_coal_ultrasupercritical_costrecovering,0.0,0.0,0.0,0.95,0.0,0.0,0.0
MD2henan_coal_ultrasupercritical_candidate,0.0,0.0,0.0,0.95,0.0,0.0,0.0
MD2hubei_coal_ultrasupercritical_costrecovered,0.0,0.0,0.0,0.95,0.0,0.0,0.0
MD2hubei_coal_ultrasupercritical_costrecovering,0.0,0.0,0.0,0.95,0.0,0.0,0.0
MD2hubei_coal_ultrasupercritical_candidate,0.0,0.0,0.0,0.95,0.0,0.0,0.0
MD2anhui_coal_ultrasupercritical_costrecovered,0.0,0.0,0.95,0.0,0.0,0.0,0.0
MD2anhui_coal_ultrasupercritical_costrecovering,0.0,0.0,0.95,0.0,0.0,0.0,0.0
MD2anhui_coal_ultrasupercritical_candidate,0.0,0.0,0.95,0.0,0.0,0.0,0.0
MD2jiangsu_coal_ultrasupercritical_costrecovered,0.0,0.0,0.95,0.0,0.0,0.0,0.0
MD2jiangsu_coal_ultrasupercritical_costrecovering,0.0,0.0,0.95,0.0,0.0,0.0,0.0
MD2jiangsu_coal_ultrasupercritical_candidate,0.0,0.0,0.95,0.0,0.0,0.0,0.0
MD2shanghai_coal_ultrasupercritical_costrecovered,0.0,0.0,0.95,0.0,0.0,0.0,0.0
MD2shanghai_coal_ultrasupercritical_costrecovering,0.0,0.0,0.95,0.0,0.0,0.0,0.0
MD2shanghai_coal_ultrasupercritical_candidate,0.0,0.0,0.95,0.0,0.0,0.0,0.0
MD2zhejiang_coal_ultrasupercritical_costrecovered,0.0,0.0,0.95,0.0,0.0,0.0,0.0
MD2zhejiang_coal_ultrasupercritical_costrecovering,0.0,0.0,0.95,0.0,0.0,0.0,0.0
MD2zhejiang_coal_ultrasupercritical_candidate,0.0,0.0,0.95,0.0,0.0,0.0,0.0
beijing_dpv_existing,0.1,0.0,0.0,0.0,0.0,0.0,0.0
jibei_dpv_existing,0.1,0.0,0.0,0.0,0.0,0.0,0.0
tianjin_dpv_existing,0.1,0.0,0.0,0.0,0.0,0.0,0.0
jinan_dpv_existing,0.1,0.0,0.0,0.0,0.0,0.0,0.0
shanxi_dpv_existing,0.1,0.0,0.0,0.0,0.0,0.0,0.0
shandong_dpv_existing,0.1,0.0,0.0,0.0,0.0,0.0,0.0
mengxi_dpv_existing,0.1,0.0,0.0,0.0,0.0,0.0,0.0
mengdong_dpv_existing,0.0,0.1,0.0,0.0,0.0,0.0,0.0
liaoning_dpv_existing,0.0,0.1,0.0,0.0,0.0,0.0,0.0
jilin_dpv_existing,0.0,0.1,0.0,0.0,0.0,0.0,0.0
heilongjiang_dpv_existing,0.0,0.1,0.0,0.0,0.0,0.0,0.0
shanghai_dpv_existing,0.0,0.0,0.1,0.0,0.0,0.0,0.0
jiangsu_dpv_existing,0.0,0.0,0.1,0.0,0.0,0.0,0.0
zhejiang_dpv_existing,0.0,0.0,0.1,0.0,0.0,0.0,0.0
anhui_dpv_existing,0.0,0.0,0.1,0.0,0.0,0.0,0.0
fujian_dpv_existing,0.0,0.0,0.1,0.0,0.0,0.0,0.0
jiangxi_dpv_existing,0.0,0.0,0.0,0.1,0.0,0.0,0.0
henan_dpv_existing,0.0,0.0,0.0,0.1,0.0,0.0,0.0
hubei_dpv_existing,0.0,0.0,0.0,0.1,0.0,0.0,0.0
hunan_dpv_existing,0.0,0.0,0.0,0.1,0.0,0.0,0.0
chongqing_dpv_existing,0.0,0.0,0.0,0.0,0.1,0.0,0.0
sichuan_dpv_existing,0.0,0.0,0.0,0.0,0.1,0.0,0.0
xizang_dpv_existing,0.0,0.0,0.0,0.0,0.1,0.0,0.0
shaanxi_dpv_existing,0.0,0.0,0.0,0.0,0.0,0.1,0.0
gansu_dpv_existing,0.0,0.0,0.0,0.0,0.0,0.1,0.0
qinghai_dpv_existing,0.0,0.0,0.0,0.0,0.0,0.1,0.0
ningxia_dpv_existing,0.0,0.0,0.0,0.0,0.0,0.1,0.0
xinjiang_dpv_existing,0.0,0.0,0.0,0.0,0.0,0.1,0.0
guangdong_dpv_existing,0.0,0.0,0.0,0.0,0.0,0.0,0.1
guangxi_dpv_existing,0.0,0.0,0.0,0.0,0.0,0.0,0.1
hainan_dpv_existing,0.0,0.0,0.0,0.0,0.0,0.0,0.1
guizhou_dpv_existing,0.0,0.0,0.0,0.0,0.0,0.0,0.1
yunnan_dpv_existing,0.0,0.0,0.0,0.0,0.0,0.0,0.1
beijing_upv_existing,0.1,0.0,0.0,0.0,0.0,0.0,0.0
jibei_upv_existing,0.1,0.0,0.0,0.0,0.0,0.0,0.0
tianjin_upv_existing,0.1,0.0,0.0,0.0,0.0,0.0,0.0
jinan_upv_existing,0.1,0.0,0.0,0.0,0.0,0.0,0.0
shanxi_upv_existing,0.1,0.0,0.0,0.0,0.0,0.0,0.0
shandong_upv_existing,0.1,0.0,0.0,0.0,0.0,0.0,0.0
mengxi_upv_existing,0.1,0.0,0.0,0.0,0.0,0.0,0.0
mengdong_upv_existing,0.0,0.1,0.0,0.0,0.0,0.0,0.0
liaoning_upv_existing,0.0,0.1,0.0,0.0,0.0,0.0,0.0
jilin_upv_existing,0.0,0.1,0.0,0.0,0.0,0.0,0.0
heilongjiang_upv_existing,0.0,0.1,0.0,0.0,0.0,0.0,0.0
shanghai_upv_existing,0.0,0.0,0.1,0.0,0.0,0.0,0.0
jiangsu_upv_existing,0.0,0.0,0.1,0.0,0.0,0.0,0.0
zhejiang_upv_existing,0.0,0.0,0.1,0.0,0.0,0.0,0.0
anhui_upv_existing,0.0,0.0,0.1,0.0,0.0,0.0,0.0
fujian_upv_existing,0.0,0.0,0.1,0.0,0.0,0.0,0.0
jiangxi_upv_existing,0.0,0.0,0.0,0.1,0.0,0.0,0.0
henan_upv_existing,0.0,0.0,0.0,0.1,0.0,0.0,0.0
hubei_upv_existing,0.0,0.0,0.0,0.1,0.0,0.0,0.0
hunan_upv_existing,0.0,0.0,0.0,0.1,0.0,0.0,0.0
chongqing_upv_existing,0.0,0.0,0.0,0.0,0.1,0.0,0.0
sichuan_upv_existing,0.0,0.0,0.0,0.0,0.1,0.0,0.0
xizang_upv_existing,0.0,0.0,0.0,0.0,0.1,0.0,0.0
shaanxi_upv_existing,0.0,0.0,0.0,0.0,0.0,0.1,0.0
gansu_upv_existing,0.0,0.0,0.0,0.0,0.0,0.1,0.0
qinghai_upv_existing,0.0,0.0,0.0,0.0,0.0,0.1,0.0
ningxia_upv_existing,0.0,0.0,0.0,0.0,0.0,0.1,0.0
xinjiang_upv_existing,0.0,0.0,0.0,0.0,0.0,0.1,0.0
guangdong_upv_existing,0.0,0.0,0.0,0.0,0.0,0.0,0.1
guangxi_upv_existing,0.0,0.0,0.0,0.0,0.0,0.0,0.1
hainan_upv_existing,0.0,0.0,0.0,0.0,0.0,0.0,0.1
guizhou_upv_existing,0.0,0.0,0.0,0.0,0.0,0.0,0.1
yunnan_upv_existing,0.0,0.0,0.0,0.0,0.0,0.0,0.1
HAB2tegaoya_upv_existing,0.1,0.0,0.0,0.0,0.0,0.0,0.0
MD2huliao_upv_existing,0.0,0.1,0.0,0.0,0.0,0.0,0.0
XJ2jiquan_upv_existing,0.0,0.0,0.1,0.0,0.0,0.0,0.0
NX2lingshao_upv_existing,0.0,0.0,0.1,0.0,0.0,0.0,0.0
NX2ningdong_upv_existing,0.1,0.0,0.0,0.0,0.0,0.0,0.0
GS2qishao_upv_existing,0.0,0.0,0.0,0.1,0.0,0.0,0.0
XJ2tianzhong_upv_existing,0.0,0.0,0.0,0.1,0.0,0.0,0.0
MX2xitai_upv_existing,0.0,0.0,0.1,0.0,0.0,0.0,0.0
MX2zhaoyi_upv_existing,0.1,0.0,0.0,0.0,0.0,0.0,0.0
SAX2shanwu_upv_existing,0.0,0.0,0.0,0.1,0.0,0.0,0.0
QH2qingyu_upv_existing,0.0,0.0,0.0,0.1,0.0,0.0,0.0
NX2zhongheng_upv_existing,0.0,0.0,0.0,0.1,0.0,0.0,0.0
XJ2kunyu_upv_existing,0.0,0.0,0.0,0.0,0.1,0.0,0.0
GS2longdong_upv_existing,0.1,0.0,0.0,0.0,0.0,0.0,0.0
beijing_onshorewind_existing,0.1,0.0,0.0,0.0,0.0,0.0,0.0
jibei_onshorewind_existing,0.1,0.0,0.0,0.0,0.0,0.0,0.0
tianjin_onshorewind_existing,0.1,0.0,0.0,0.0,0.0,0.0,0.0
jinan_onshorewind_existing,0.1,0.0,0.0,0.0,0.0,0.0,0.0
shanxi_onshorewind_existing,0.1,0.0,0.0,0.0,0.0,0.0,0.0
shandong_onshorewind_existing,0.1,0.0,0.0,0.0,0.0,0.0,0.0
mengxi_onshorewind_existing,0.1,0.0,0.0,0.0,0.0,0.0,0.0
mengdong_onshorewind_existing,0.0,0.1,0.0,0.0,0.0,0.0,0.0
liaoning_onshorewind_existing,0.0,0.1,0.0,0.0,0.0,0.0,0.0
jilin_onshorewind_existing,0.0,0.1,0.0,0.0,0.0,0.0,0.0
heilongjiang_onshorewind_existing,0.0,0.1,0.0,0.0,0.0,0.0,0.0
shanghai_onshorewind_existing,0.0,0.0,0.1,0.0,0.0,0.0,0.0
jiangsu_onshorewind_existing,0.0,0.0,0.1,0.0,0.0,0.0,0.0
zhejiang_onshorewind_existing,0.0,0.0,0.1,0.0,0.0,0.0,0.0
anhui_onshorewind_existing,0.0,0.0,0.1,0.0,0.0,0.0,0.0
fujian_onshorewind_existing,0.0,0.0,0.1,0.0,0.0,0.0,0.0
jiangxi_onshorewind_existing,0.0,0.0,0.0,0.1,0.0,0.0,0.0
henan_onshorewind_existing,0.0,0.0,0.0,0.1,0.0,0.0,0.0
hubei_onshorewind_existing,0.0,0.0,0.0,0.1,0.0,0.0,0.0
hunan_onshorewind_existing,0.0,0.0,0.0,0.1,0.0,0.0,0.0
chongqing_onshorewind_existing,0.0,0.0,0.0,0.0,0.1,0.0,0.0
sichuan_onshorewind_existing,0.0,0.0,0.0,0.0,0.1,0.0,0.0
xizang_onshorewind_existing,0.0,0.0,0.0,0.0,0.1,0.0,0.0
shaanxi_onshorewind_existing,0.0,0.0,0.0,0.0,0.0,0.1,0.0
gansu_onshorewind_existing,0.0,0.0,0.0,0.0,0.0,0.1,0.0
qinghai_onshorewind_existing,0.0,0.0,0.0,0.0,0.0,0.1,0.0
ningxia_onshorewind_existing,0.0,0.0,0.0,0.0,0.0,0.1,0.0
xinjiang_onshorewind_existing,0.0,0.0,0.0,0.0,0.0,0.1,0.0
guangdong_onshorewind_existing,0.0,0.0,0.0,0.0,0.0,0.0,0.1
guangxi_onshorewind_existing,0.0,0.0,0.0,0.0,0.0,0.0,0.1
hainan_onshorewind_existing,0.0,0.0,0.0,0.0,0.0,0.0,0.1
guizhou_onshorewind_existing,0.0,0.0,0.0,0.0,0.0,0.0,0.1
yunnan_onshorewind_existing,0.0,0.0,0.0,0.0,0.0,0.0,0.1
HAB2tegaoya_onshorewind_existing,0.1,0.0,0.0,0.0,0.0,0.0,0.0
MD2huliao_onshorewind_existing,0.0,0.1,0.0,0.0,0.0,0.0,0.0
XJ2jiquan_onshorewind_existing,0.0,0.0,0.1,0.0,0.0,0.0,0.0
NX2lingshao_onshorewind_existing,0.0,0.0,0.1,0.0,0.0,0.0,0.0
NX2ningdong_onshorewind_existing,0.1,0.0,0.0,0.0,0.0,0.0,0.0
GS2qishao_onshorewind_existing,0.0,0.0,0.0,0.1,0.0,0.0,0.0
XJ2tianzhong_onshorewind_existing,0.0,0.0,0.0,0.1,0.0,0.0,0.0
MX2xitai_onshorewind_existing,0.0,0.0,0.1,0.0,0.0,0.0,0.0
SX2yanhuai_onshorewind_existing,0.0,0.0,0.1,0.0,0.0,0.0,0.0
MX2zhaoyi_onshorewind_existing,0.1,0.0,0.0,0.0,0.0,0.0,0.0
SAX2shanwu_onshorewind_existing,0.0,0.0,0.0,0.1,0.0,0.0,0.0
QH2qingyu_onshorewind_existing,0.0,0.0,0.0,0.1,0.0,0.0,0.0
NX2zhongheng_onshorewind_existing,0.0,0.0,0.0,0.1,0.0,0.0,0.0
XJ2kunyu_onshorewind_existing,0.0,0.0,0.0,0.0,0.1,0.0,0.0
GS2longdong_onshorewind_existing,0.1,0.0,0.0,0.0,0.0,0.0,0.0
jibei_offshorewind_existing,0.1,0.0,0.0,0.0,0.0,0.0,0.0
tianjin_offshorewind_existing,0.1,0.0,0.0,0.0,0.0,0.0,0.0
shandong_offshorewind_existing,0.1,0.0,0.0,0.0,0.0,0.0,0.0
liaoning_offshorewind_existing,0.0,0.1,0.0,0.0,0.0,0.0,0.0
shanghai_offshorewind_existing,0.0,0.0,0.1,0.0,0.0,0.0,0.0
jiangsu_offshorewind_existing,0.0,0.0,0.1,0.0,0.0,0.0,0.0
zhejiang_offshorewind_existing,0.0,0.0,0.1,0.0,0.0,0.0,0.0
fujian_offshorewind_existing,0.0,0.0,0.1,0.0,0.0,0.0,0.0
guangdong_offshorewind_existing,0.0,0.0,0.0,0.0,0.0,0.0,0.1
guangxi_offshorewind_existing,0.0,0.0,0.0,0.0,0.0,0.0,0.1
hainan_offshorewind_existing,0.0,0.0,0.0,0.0,0.0,0.0,0.1
beijing_dpv_existing2030,0.1,0.0,0.0,0.0,0.0,0.0,0.0
jibei_dpv_existing2030,0.1,0.0,0.0,0.0,0.0,0.0,0.0
tianjin_dpv_existing2030,0.1,0.0,0.0,0.0,0.0,0.0,0.0
jinan_dpv_existing2030,0.1,0.0,0.0,0.0,0.0,0.0,0.0
shanxi_dpv_existing2030,0.1,0.0,0.0,0.0,0.0,0.0,0.0
shandong_dpv_existing2030,0.1,0.0,0.0,0.0,0.0,0.0,0.0
mengxi_dpv_existing2030,0.1,0.0,0.0,0.0,0.0,0.0,0.0
mengdong_dpv_existing2030,0.0,0.1,0.0,0.0,0.0,0.0,0.0
liaoning_dpv_existing2030,0.0,0.1,0.0,0.0,0.0,0.0,0.0
jilin_dpv_existing2030,0.0,0.1,0.0,0.0,0.0,0.0,0.0
heilongjiang_dpv_existing2030,0.0,0.1,0.0,0.0,0.0,0.0,0.0
shanghai_dpv_existing2030,0.0,0.0,0.1,0.0,0.0,0.0,0.0
jiangsu_dpv_existing2030,0.0,0.0,0.1,0.0,0.0,0.0,0.0
zhejiang_dpv_existing2030,0.0,0.0,0.1,0.0,0.0,0.0,0.0
anhui_dpv_existing2030,0.0,0.0,0.1,0.0,0.0,0.0,0.0
fujian_dpv_existing2030,0.0,0.0,0.1,0.0,0.0,0.0,0.0
jiangxi_dpv_existing2030,0.0,0.0,0.0,0.1,0.0,0.0,0.0
henan_dpv_existing2030,0.0,0.0,0.0,0.1,0.0,0.0,0.0
hubei_dpv_existing2030,0.0,0.0,0.0,0.1,0.0,0.0,0.0
hunan_dpv_existing2030,0.0,0.0,0.0,0.1,0.0,0.0,0.0
chongqing_dpv_existing2030,0.0,0.0,0.0,0.0,0.1,0.0,0.0
sichuan_dpv_existing2030,0.0,0.0,0.0,0.0,0.1,0.0,0.0
xizang_dpv_existing2030,0.0,0.0,0.0,0.0,0.1,0.0,0.0
shaanxi_dpv_existing2030,0.0,0.0,0.0,0.0,0.0,0.1,0.0
gansu_dpv_existing2030,0.0,0.0,0.0,0.0,0.0,0.1,0.0
qinghai_dpv_existing2030,0.0,0.0,0.0,0.0,0.0,0.1,0.0
ningxia_dpv_existing2030,0.0,0.0,0.0,0.0,0.0,0.1,0.0
xinjiang_dpv_existing2030,0.0,0.0,0.0,0.0,0.0,0.1,0.0
guangdong_dpv_existing2030,0.0,0.0,0.0,0.0,0.0,0.0,0.1
guangxi_dpv_existing2030,0.0,0.0,0.0,0.0,0.0,0.0,0.1
hainan_dpv_existing2030,0.0,0.0,0.0,0.0,0.0,0.0,0.1
guizhou_dpv_existing2030,0.0,0.0,0.0,0.0,0.0,0.0,0.1
yunnan_dpv_existing2030,0.0,0.0,0.0,0.0,0.0,0.0,0.1
beijing_upv_existing20301,0.1,0.0,0.0,0.0,0.0,0.0,0.0
jibei_upv_existing20301,0.1,0.0,0.0,0.0,0.0,0.0,0.0
jibei_upv_existing20302,0.1,0.0,0.0,0.0,0.0,0.0,0.0
jinan_upv_existing20301,0.1,0.0,0.0,0.0,0.0,0.0,0.0
jinan_upv_existing20302,0.1,0.0,0.0,0.0,0.0,0.0,0.0
jinan_upv_existing20303,0.1,0.0,0.0,0.0,0.0,0.0,0.0
mengxi_mega_in_upv_existing20302,0.1,0.0,0.0,0.0,0.0,0.0,0.0
mengdong_mega_in_upv_existing20301,0.0,0.1,0.0,0.0,0.0,0.0,0.0
jilin_mega_in_upv_existing20301,0.0,0.1,0.0,0.0,0.0,0.0,0.0
jilin_upv_existing20303,0.0,0.1,0.0,0.0,0.0,0.0,0.0
anhui_upv_existing20301,0.0,0.0,0.1,0.0,0.0,0.0,0.0
anhui_upv_existing20302,0.0,0.0,0.1,0.0,0.0,0.0,0.0
anhui_upv_existing20303,0.0,0.0,0.1,0.0,0.0,0.0,0.0
fujian_upv_existing20301,0.0,0.0,0.1,0.0,0.0,0.0,0.0
fujian_upv_existing20302,0.0,0.0,0.1,0.0,0.0,0.0,0.0
jiangxi_upv_existing20301,0.0,0.0,0.0,0.1,0.0,0.0,0.0
jiangxi_upv_existing20302,0.0,0.0,0.0,0.1,0.0,0.0,0.0
henan_upv_existing20301,0.0,0.0,0.0,0.1,0.0,0.0,0.0
hubei_upv_existing20301,0.0,0.0,0.0,0.1,0.0,0.0,0.0
sichuan_upv_existing20306,0.0,0.0,0.0,0.0,0.1,0.0,0.0
xizang_upv_existing20301,0.0,0.0,0.0,0.0,0.1,0.0,0.0
xizang_upv_existing20303,0.0,0.0,0.0,0.0,0.1,0.0,0.0
shaanxi_upv_existing20301,0.0,0.0,0.0,0.0,0.0,0.1,0.0
gansu_mega_in_upv_existing20301,0.0,0.0,0.0,0.0,0.0,0.1,0.0
gansu_upv_existing20301,0.0,0.0,0.0,0.0,0.0,0.1,0.0
gansu_mega_in_upv_existing20302,0.0,0.0,0.0,0.0,0.0,0.1,0.0
gansu_mega_in_upv_existing20303,0.0,0.0,0.0,0.0,0.0,0.1,0.0
gansu_upv_existing20303,0.0,0.0,0.0,0.0,0.0,0.1,0.0
qinghai_mega_in_upv_existing20301,0.0,0.0,0.0,0.0,0.0,0.1,0.0
ningxia_mega_in_upv_existing20301,0.0,0.0,0.0,0.0,0.0,0.1,0.0
ningxia_upv_existing20301,0.0,0.0,0.0,0.0,0.0,0.1,0.0
ningxia_mega_in_upv_existing20302,0.0,0.0,0.0,0.0,0.0,0.1,0.0
ningxia_upv_existing20302,0.0,0.0,0.0,0.0,0.0,0.1,0.0
ningxia_mega_in_upv_existing20303,0.0,0.0,0.0,0.0,0.0,0.1,0.0
xinjiang_mega_in_upv_existing20301,0.0,0.0,0.0,0.0,0.0,0.1,0.0
xinjiang_upv_existing20301,0.0,0.0,0.0,0.0,0.0,0.1,0.0
guangxi_upv_existing20301,0.0,0.0,0.0,0.0,0.0,0.0,0.1
guangxi_upv_existing20303,0.0,0.0,0.0,0.0,0.0,0.0,0.1
yunnan_upv_existing20301,0.0,0.0,0.0,0.0,0.0,0.0,0.1
SC2jinshang_upv_existing2030,0.0,0.0,0.0,0.1,0.0,0.0,0.0
SAX2shanwan_upv_existing2030,0.0,0.0,0.1,0.0,0.0,0.0,0.0
GS2ganzhe_upv_existing2030,0.0,0.0,0.1,0.0,0.0,0.0,0.0
QH2qinggui_upv_existing2030,0.0,0.0,0.0,0.0,0.0,0.0,0.1
SAX2shanyu_upv_existing2030,0.0,0.0,0.0,0.1,0.0,0.0,0.0
XJ2ruoqiang_upv_existing2030,0.0,0.0,0.0,0.0,0.1,0.0,0.0
GS2ganchuan_upv_existing2030,0.0,0.0,0.0,0.0,0.1,0.0,0.0
QH2qingyue_upv_existing2030,0.0,0.0,0.0,0.0,0.0,0.0,0.1
MX2menggan_upv_existing2030,0.0,0.0,0.0,0.1,0.0,0.0,0.0
MX2menghu_upv_existing2030,0.0,0.0,0.1,0.0,0.0,0.0,0.0
MX2mengsu_upv_existing2030,0.0,0.0,0.1,0.0,0.0,0.0,0.0
MX2mengwan_upv_existing2030,0.0,0.0,0.1,0.0,0.0,0.0,0.0
JL2songliao_upv_existing2030,0.1,0.0,0.0,0.0,0.0,0.0,0.0
MX2jilu_upv_existing2030,0.1,0.0,0.0,0.0,0.0,0.0,0.0
MX2jingjinji_upv_existing2030,0.0,0.0,0.0,0.0,0.0,0.0,0.0
XZ2guangdong_upv_existing2030,0.0,0.0,0.0,0.0,0.0,0.0,0.1
beijing_onshorewind_existing20301,0.1,0.0,0.0,0.0,0.0,0.0,0.0
jibei_onshorewind_existing20302,0.1,0.0,0.0,0.0,0.0,0.0,0.0
jibei_onshorewind_existing20304,0.1,0.0,0.0,0.0,0.0,0.0,0.0
jibei_onshorewind_existing20305,0.1,0.0,0.0,0.0,0.0,0.0,0.0
jibei_onshorewind_existing20307,0.1,0.0,0.0,0.0,0.0,0.0,0.0
jibei_onshorewind_existing20309,0.1,0.0,0.0,0.0,0.0,0.0,0.0
jibei_onshorewind_existing203010,0.1,0.0,0.0,0.0,0.0,0.0,0.0
jinan_onshorewind_existing20306,0.1,0.0,0.0,0.0,0.0,0.0,0.0
jinan_onshorewind_existing20307,0.1,0.0,0.0,0.0,0.0,0.0,0.0
jinan_onshorewind_existing203010,0.1,0.0,0.0,0.0,0.0,0.0,0.0
jinan_onshorewind_existing203011,0.1,0.0,0.0,0.0,0.0,0.0,0.0
shanxi_onshorewind_existing20304,0.1,0.0,0.0,0.0,0.0,0.0,0.0
shanxi_onshorewind_existing20305,0.1,0.0,0.0,0.0,0.0,0.0,0.0
shanxi_onshorewind_existing20308,0.1,0.0,0.0,0.0,0.0,0.0,0.0
shanxi_onshorewind_existing20309,0.1,0.0,0.0,0.0,0.0,0.0,0.0
shanxi_onshorewind_existing203010,0.1,0.0,0.0,0.0,0.0,0.0,0.0
shandong_onshorewind_existing20302,0.1,0.0,0.0,0.0,0.0,0.0,0.0
mengxi_mega_in_onshorewind_existing20301,0.1,0.0,0.0,0.0,0.0,0.0,0.0
mengxi_onshorewind_existing20301,0.1,0.0,0.0,0.0,0.0,0.0,0.0
mengxi_mega_in_onshorewind_existing20302,0.1,0.0,0.0,0.0,0.0,0.0,0.0
mengxi_mega_in_onshorewind_existing20303,0.1,0.0,0.0,0.0,0.0,0.0,0.0
mengxi_mega_in_onshorewind_existing20304,0.1,0.0,0.0,0.0,0.0,0.0,0.0
mengxi_mega_in_onshorewind_existing20306,0.1,0.0,0.0,0.0,0.0,0.0,0.0
mengxi_mega_in_onshorewind_existing20307,0.1,0.0,0.0,0.0,0.0,0.0,0.0
mengxi_mega_in_onshorewind_existing20309,0.1,0.0,0.0,0.0,0.0,0.0,0.0
mengxi_mega_in_onshorewind_existing203010,0.1,0.0,0.0,0.0,0.0,0.0,0.0
mengxi_mega_in_onshorewind_existing203011,0.1,0.0,0.0,0.0,0.0,0.0,0.0
mengxi_mega_in_onshorewind_existing203014,0.1,0.0,0.0,0.0,0.0,0.0,0.0
mengdong_mega_in_onshorewind_existing20301,0.0,0.1,0.0,0.0,0.0,0.0,0.0
mengdong_onshorewind_existing20301,0.0,0.1,0.0,0.0,0.0,0.0,0.0
mengdong_mega_in_onshorewind_existing20302,0.0,0.1,0.0,0.0,0.0,0.0,0.0
mengdong_mega_in_onshorewind_existing20303,0.0,0.1,0.0,0.0,0.0,0.0,0.0
mengdong_mega_in_onshorewind_existing20304,0.0,0.1,0.0,0.0,0.0,0.0,0.0
mengdong_onshorewind_existing20305,0.0,0.1,0.0,0.0,0.0,0.0,0.0
liaoning_onshorewind_existing20301,0.0,0.1,0.0,0.0,0.0,0.0,0.0
liaoning_onshorewind_existing20302,0.0,0.1,0.0,0.0,0.0,0.0,0.0
liaoning_onshorewind_existing20306,0.0,0.1,0.0,0.0,0.0,0.0,0.0
liaoning_onshorewind_existing20308,0.0,0.1,0.0,0.0,0.0,0.0,0.0
liaoning_onshorewind_existing203010,0.0,0.1,0.0,0.0,0.0,0.0,0.0
liaoning_onshorewind_existing203011,0.0,0.1,0.0,0.0,0.0,0.0,0.0
jilin_mega_in_onshorewind_existing20301,0.0,0.1,0.0,0.0,0.0,0.0,0.0
jilin_mega_in_onshorewind_existing20302,0.0,0.1,0.0,0.0,0.0,0.0,0.0
jilin_onshorewind_existing20302,0.0,0.1,0.0,0.0,0.0,0.0,0.0
jilin_mega_in_onshorewind_existing20303,0.0,0.1,0.0,0.0,0.0,0.0,0.0
heilongjiang_mega_in_onshorewind_existing20301,0.0,0.1,0.0,0.0,0.0,0.0,0.0
heilongjiang_mega_in_onshorewind_existing20302,0.0,0.1,0.0,0.0,0.0,0.0,0.0
heilongjiang_onshorewind_existing20302,0.0,0.1,0.0,0.0,0.0,0.0,0.0
heilongjiang_mega_in_onshorewind_existing20303,0.0,0.1,0.0,0.0,0.0,0.0,0.0
heilongjiang_onshorewind_existing20303,0.0,0.1,0.0,0.0,0.0,0.0,0.0
shanghai_onshorewind_existing20301,0.0,0.0,0.1,0.0,0.0,0.0,0.0
jiangsu_onshorewind_existing20302,0.0,0.0,0.1,0.0,0.0,0.0,0.0
jiangsu_onshorewind_existing20303,0.0,0.0,0.1,0.0,0.0,0.0,0.0
jiangsu_onshorewind_existing20304,0.0,0.0,0.1,0.0,0.0,0.0,0.0
jiangsu_onshorewind_existing20308,0.0,0.0,0.1,0.0,0.0,0.0,0.0
jiangsu_onshorewind_existing203010,0.0,0.0,0.1,0.0,0.0,0.0,0.0
anhui_onshorewind_existing20302,0.0,0.0,0.1,0.0,0.0,0.0,0.0
anhui_onshorewind_existing20306,0.0,0.0,0.1,0.0,0.0,0.0,0.0
anhui_onshorewind_existing20307,0.0,0.0,0.1,0.0,0.0,0.0,0.0
anhui_onshorewind_existing203010,0.0,0.0,0.1,0.0,0.0,0.0,0.0
fujian_onshorewind_existing20301,0.0,0.0,0.1,0.0,0.0,0.0,0.0
jiangxi_onshorewind_existing20307,0.0,0.0,0.0,0.1,0.0,0.0,0.0
jiangxi_onshorewind_existing20309,0.0,0.0,0.0,0.1,0.0,0.0,0.0
jiangxi_onshorewind_existing203011,0.0,0.0,0.0,0.1,0.0,0.0,0.0
jiangxi_onshorewind_existing203013,0.0,0.0,0.0,0.1,0.0,0.0,0.0
henan_onshorewind_existing20302,0.0,0.0,0.0,0.1,0.0,0.0,0.0
henan_onshorewind_existing20303,0.0,0.0,0.0,0.1,0.0,0.0,0.0
henan_onshorewind_existing203012,0.0,0.0,0.0,0.1,0.0,0.0,0.0
henan_onshorewind_existing203013,0.0,0.0,0.0,0.1,0.0,0.0,0.0
hubei_onshorewind_existing20301,0.0,0.0,0.0,0.1,0.0,0.0,0.0
hubei_onshorewind_existing20303,0.0,0.0,0.0,0.1,0.0,0.0,0.0
hubei_onshorewind_existing20305,0.0,0.0,0.0,0.1,0.0,0.0,0.0
hubei_onshorewind_existing203011,0.0,0.0,0.0,0.1,0.0,0.0,0.0
hubei_onshorewind_existing203014,0.0,0.0,0.0,0.1,0.0,0.0,0.0
hunan_onshorewind_existing20301,0.0,0.0,0.0,0.1,0.0,0.0,0.0
hunan_onshorewind_existing20305,0.0,0.0,0.0,0.1,0.0,0.0,0.0
hunan_onshorewind_existing20308,0.0,0.0,0.0,0.1,0.0,0.0,0.0
hunan_onshorewind_existing203013,0.0,0.0,0.0,0.1,0.0,0.0,0.0
sichuan_onshorewind_existing20301,0.0,0.0,0.0,0.0,0.1,0.0,0.0
sichuan_onshorewind_existing20304,0.0,0.0,0.0,0.0,0.1,0.0,0.0
xizang_onshorewind_existing20304,0.0,0.0,0.0,0.0,0.1,0.0,0.0
shaanxi_mega_in_onshorewind_existing20301,0.0,0.0,0.0,0.0,0.0,0.1,0.0
shaanxi_mega_in_onshorewind_existing20302,0.0,0.0,0.0,0.0,0.0,0.1,0.0
shaanxi_onshorewind_existing20302,0.0,0.0,0.0,0.0,0.0,0.1,0.0
shaanxi_onshorewind_existing20307,0.0,0.0,0.0,0.0,0.0,0.1,0.0
gansu_mega_in_onshorewind_existing20302,0.0,0.0,0.0,0.0,0.0,0.1,0.0
gansu_mega_in_onshorewind_existing20303,0.0,0.0,0.0,0.0,0.0,0.1,0.0
gansu_mega_in_onshorewind_existing20304,0.0,0.0,0.0,0.0,0.0,0.1,0.0
qinghai_onshorewind_existing20304,0.0,0.0,0.0,0.0,0.0,0.1,0.0
ningxia_mega_in_onshorewind_existing20301,0.0,0.0,0.0,0.0,0.0,0.1,0.0
ningxia_onshorewind_existing20301,0.0,0.0,0.0,0.0,0.0,0.1,0.0
ningxia_mega_in_onshorewind_existing20302,0.0,0.0,0.0,0.0,0.0,0.1,0.0
ningxia_onshorewind_existing20302,0.0,0.0,0.0,0.0,0.0,0.1,0.0
ningxia_mega_in_onshorewind_existing20303,0.0,0.0,0.0,0.0,0.0,0.1,0.0
ningxia_mega_in_onshorewind_existing20304,0.0,0.0,0.0,0.0,0.0,0.1,0.0
ningxia_mega_in_onshorewind_existing20305,0.0,0.0,0.0,0.0,0.0,0.1,0.0
xinjiang_mega_in_onshorewind_existing20301,0.0,0.0,0.0,0.0,0.0,0.1,0.0
xinjiang_onshorewind_existing20301,0.0,0.0,0.0,0.0,0.0,0.1,0.0
xinjiang_mega_in_onshorewind_existing20302,0.0,0.0,0.0,0.0,0.0,0.1,0.0
xinjiang_mega_in_onshorewind_existing20303,0.0,0.0,0.0,0.0,0.0,0.1,0.0
xinjiang_mega_in_onshorewind_existing20307,0.0,0.0,0.0,0.0,0.0,0.1,0.0
xinjiang_mega_in_onshorewind_existing20308,0.0,0.0,0.0,0.0,0.0,0.1,0.0
xinjiang_mega_in_onshorewind_existing20309,0.0,0.0,0.0,0.0,0.0,0.1,0.0
guangdong_onshorewind_existing20307,0.0,0.0,0.0,0.0,0.0,0.0,0.1
guangdong_onshorewind_existing203012,0.0,0.0,0.0,0.0,0.0,0.0,0.1
guangxi_onshorewind_existing20302,0.0,0.0,0.0,0.0,0.0,0.0,0.1
guangxi_onshorewind_existing20303,0.0,0.0,0.0,0.0,0.0,0.0,0.1
guangxi_onshorewind_existing20309,0.0,0.0,0.0,0.0,0.0,0.0,0.1
guizhou_onshorewind_existing20301,0.0,0.0,0.0,0.0,0.0,0.0,0.1
guizhou_onshorewind_existing20302,0.0,0.0,0.0,0.0,0.0,0.0,0.1
guizhou_onshorewind_existing20303,0.0,0.0,0.0,0.0,0.0,0.0,0.1
yunnan_onshorewind_existing20301,0.0,0.0,0.0,0.0,0.0,0.0,0.1
yunnan_onshorewind_existing20302,0.0,0.0,0.0,0.0,0.0,0.0,0.1
SC2jinshang_onshorewind_existing2030,0.0,0.0,0.0,0.1,0.0,0.0,0.0
SAX2shanwan_onshorewind_existing2030,0.0,0.0,0.1,0.0,0.0,0.0,0.0
GS2ganzhe_onshorewind_existing2030,0.0,0.0,0.1,0.0,0.0,0.0,0.0
QH2qinggui_onshorewind_existing2030,0.0,0.0,0.0,0.0,0.0,0.0,0.1
SAX2shanyu_onshorewind_existing2030,0.0,0.0,0.0,0.1,0.0,0.0,0.0
XJ2ruoqiang_onshorewind_existing2030,0.0,0.0,0.0,0.0,0.1,0.0,0.0
GS2ganchuan_onshorewind_existing2030,0.0,0.0,0.0,0.0,0.1,0.0,0.0
QH2qingyue_onshorewind_existing2030,0.0,0.0,0.0,0.0,0.0,0.0,0.1
MX2menggan_onshorewind_existing2030,0.0,0.0,0.0,0.1,0.0,0.0,0.0
MX2menghu_onshorewind_existing2030,0.0,0.0,0.1,0.0,0.0,0.0,0.0
MX2mengsu_onshorewind_existing2030,0.0,0.0,0.1,0.0,0.0,0.0,0.0
MX2mengwan_onshorewind_existing2030,0.0,0.0,0.1,0.0,0.0,0.0,0.0
JL2songliao_onshorewind_existing2030,0.1,0.0,0.0,0.0,0.0,0.0,0.0
MX2jilu_onshorewind_existing2030,0.1,0.0,0.0,0.0,0.0,0.0,0.0
MX2jingjinji_onshorewind_existing2030,0.0,0.0,0.0,0.0,0.0,0.0,0.0
jibei_offshorewind_existing20302,0.1,0.0,0.0,0.0,0.0,0.0,0.0
shandong_offshorewind_existing20301,0.1,0.0,0.0,0.0,0.0,0.0,0.0
liaoning_offshorewind_existing20301,0.0,0.1,0.0,0.0,0.0,0.0,0.0
shanghai_offshorewind_existing20301,0.0,0.0,0.1,0.0,0.0,0.0,0.0
jiangsu_offshorewind_existing20301,0.0,0.0,0.1,0.0,0.0,0.0,0.0
zhejiang_offshorewind_existing20301,0.0,0.0,0.1,0.0,0.0,0.0,0.0
fujian_offshorewind_existing20301,0.0,0.0,0.1,0.0,0.0,0.0,0.0
fujian_offshorewind_existing20302,0.0,0.0,0.1,0.0,0.0,0.0,0.0
guangdong_offshorewind_existing20302,0.0,0.0,0.0,0.0,0.0,0.0,0.1
guangdong_offshorewind_existing20305,0.0,0.0,0.0,0.0,0.0,0.0,0.1
guangxi_offshorewind_existing20301,0.0,0.0,0.0,0.0,0.0,0.0,0.1
hainan_offshorewind_existing20303,0.0,0.0,0.0,0.0,0.0,0.0,0.1
hainan_offshorewind_existing20305,0.0,0.0,0.0,0.0,0.0,0.0,0.1
beijing_upv_candidate1,0.1,0.0,0.0,0.0,0.0,0.0,0.0
tianjin_upv_candidate1,0.1,0.0,0.0,0.0,0.0,0.0,0.0
beijing_upv_candidate2,0.1,0.0,0.0,0.0,0.0,0.0,0.0
jibei_upv_candidate2,0.1,0.0,0.0,0.0,0.0,0.0,0.0
tianjin_upv_candidate2,0.1,0.0,0.0,0.0,0.0,0.0,0.0
beijing_upv_candidate3,0.1,0.0,0.0,0.0,0.0,0.0,0.0
jibei_upv_candidate3,0.1,0.0,0.0,0.0,0.0,0.0,0.0
tianjin_upv_candidate3,0.1,0.0,0.0,0.0,0.0,0.0,0.0
beijing_upv_candidate4,0.1,0.0,0.0,0.0,0.0,0.0,0.0
jibei_upv_candidate4,0.1,0.0,0.0,0.0,0.0,0.0,0.0
tianjin_upv_candidate4,0.1,0.0,0.0,0.0,0.0,0.0,0.0
beijing_upv_candidate5,0.1,0.0,0.0,0.0,0.0,0.0,0.0
jibei_upv_candidate5,0.1,0.0,0.0,0.0,0.0,0.0,0.0
tianjin_upv_candidate5,0.1,0.0,0.0,0.0,0.0,0.0,0.0
beijing_upv_candidate6,0.1,0.0,0.0,0.0,0.0,0.0,0.0
jibei_upv_candidate6,0.1,0.0,0.0,0.0,0.0,0.0,0.0
tianjin_upv_candidate6,0.1,0.0,0.0,0.0,0.0,0.0,0.0
beijing_upv_candidate7,0.1,0.0,0.0,0.0,0.0,0.0,0.0
jibei_upv_candidate7,0.1,0.0,0.0,0.0,0.0,0.0,0.0
tianjin_upv_candidate7,0.1,0.0,0.0,0.0,0.0,0.0,0.0
jibei_upv_candidate8,0.1,0.0,0.0,0.0,0.0,0.0,0.0
tianjin_upv_candidate8,0.1,0.0,0.0,0.0,0.0,0.0,0.0
jibei_upv_candidate9,0.1,0.0,0.0,0.0,0.0,0.0,0.0
tianjin_upv_candidate9,0.1,0.0,0.0,0.0,0.0,0.0,0.0
jibei_upv_candidate10,0.1,0.0,0.0,0.0,0.0,0.0,0.0
tianjin_upv_candidate10,0.1,0.0,0.0,0.0,0.0,0.0,0.0
jibei_upv_candidate11,0.1,0.0,0.0,0.0,0.0,0.0,0.0
tianjin_upv_candidate11,0.1,0.0,0.0,0.0,0.0,0.0,0.0
jibei_upv_candidate12,0.1,0.0,0.0,0.0,0.0,0.0,0.0
tianjin_upv_candidate12,0.1,0.0,0.0,0.0,0.0,0.0,0.0
jibei_upv_candidate13,0.1,0.0,0.0,0.0,0.0,0.0,0.0
tianjin_upv_candidate13,0.1,0.0,0.0,0.0,0.0,0.0,0.0
jibei_upv_candidate14,0.1,0.0,0.0,0.0,0.0,0.0,0.0
jinan_upv_candidate1,0.1,0.0,0.0,0.0,0.0,0.0,0.0
jinan_upv_candidate2,0.1,0.0,0.0,0.0,0.0,0.0,0.0
jinan_upv_candidate3,0.1,0.0,0.0,0.0,0.0,0.0,0.0
jinan_upv_candidate4,0.1,0.0,0.0,0.0,0.0,0.0,0.0
jinan_upv_candidate5,0.1,0.0,0.0,0.0,0.0,0.0,0.0
jinan_upv_candidate6,0.1,0.0,0.0,0.0,0.0,0.0,0.0
jinan_upv_candidate7,0.1,0.0,0.0,0.0,0.0,0.0,0.0
jinan_upv_candidate8,0.1,0.0,0.0,0.0,0.0,0.0,0.0
jinan_upv_candidate9,0.1,0.0,0.0,0.0,0.0,0.0,0.0
jinan_upv_candidate10,0.1,0.0,0.0,0.0,0.0,0.0,0.0
jinan_upv_candidate11,0.1,0.0,0.0,0.0,0.0,0.0,0.0
jinan_upv_candidate12,0.1,0.0,0.0,0.0,0.0,0.0,0.0
jinan_upv_candidate13,0.1,0.0,0.0,0.0,0.0,0.0,0.0
jinan_upv_candidate14,0.1,0.0,0.0,0.0,0.0,0.0,0.0
jinan_upv_candidate15,0.1,0.0,0.0,0.0,0.0,0.0,0.0
shanxi_upv_candidate1,0.1,0.0,0.0,0.0,0.0,0.0,0.0
shanxi_upv_candidate2,0.1,0.0,0.0,0.0,0.0,0.0,0.0
shanxi_upv_candidate3,0.1,0.0,0.0,0.0,0.0,0.0,0.0
shanxi_upv_candidate4,0.1,0.0,0.0,0.0,0.0,0.0,0.0
shanxi_upv_candidate5,0.1,0.0,0.0,0.0,0.0,0.0,0.0
shanxi_upv_candidate6,0.1,0.0,0.0,0.0,0.0,0.0,0.0
shanxi_upv_candidate7,0.1,0.0,0.0,0.0,0.0,0.0,0.0
shanxi_upv_candidate8,0.1,0.0,0.0,0.0,0.0,0.0,0.0
shanxi_upv_candidate9,0.1,0.0,0.0,0.0,0.0,0.0,0.0
shanxi_upv_candidate10,0.1,0.0,0.0,0.0,0.0,0.0,0.0
shanxi_upv_candidate11,0.1,0.0,0.0,0.0,0.0,0.0,0.0
shanxi_upv_candidate12,0.1,0.0,0.0,0.0,0.0,0.0,0.0
shanxi_upv_candidate13,0.1,0.0,0.0,0.0,0.0,0.0,0.0
shanxi_upv_candidate14,0.1,0.0,0.0,0.0,0.0,0.0,0.0
shandong_upv_candidate1,0.1,0.0,0.0,0.0,0.0,0.0,0.0
shandong_upv_candidate2,0.1,0.0,0.0,0.0,0.0,0.0,0.0
shandong_upv_candidate3,0.1,0.0,0.0,0.0,0.0,0.0,0.0
shandong_upv_candidate4,0.1,0.0,0.0,0.0,0.0,0.0,0.0
shandong_upv_candidate5,0.1,0.0,0.0,0.0,0.0,0.0,0.0
shandong_upv_candidate6,0.1,0.0,0.0,0.0,0.0,0.0,0.0
shandong_upv_candidate7,0.1,0.0,0.0,0.0,0.0,0.0,0.0
shandong_upv_candidate8,0.1,0.0,0.0,0.0,0.0,0.0,0.0
shandong_upv_candidate9,0.1,0.0,0.0,0.0,0.0,0.0,0.0
shandong_upv_candidate10,0.1,0.0,0.0,0.0,0.0,0.0,0.0
shandong_upv_candidate11,0.1,0.0,0.0,0.0,0.0,0.0,0.0
shandong_upv_candidate12,0.1,0.0,0.0,0.0,0.0,0.0,0.0
shandong_upv_candidate13,0.1,0.0,0.0,0.0,0.0,0.0,0.0
shandong_upv_candidate14,0.1,0.0,0.0,0.0,0.0,0.0,0.0
mengxi_upv_candidate1,0.1,0.0,0.0,0.0,0.0,0.0,0.0
mengxi_upv_candidate2,0.1,0.0,0.0,0.0,0.0,0.0,0.0
mengxi_upv_candidate3,0.1,0.0,0.0,0.0,0.0,0.0,0.0
mengxi_upv_candidate4,0.1,0.0,0.0,0.0,0.0,0.0,0.0
mengxi_upv_candidate5,0.1,0.0,0.0,0.0,0.0,0.0,0.0
mengxi_upv_candidate6,0.1,0.0,0.0,0.0,0.0,0.0,0.0
mengxi_upv_candidate7,0.1,0.0,0.0,0.0,0.0,0.0,0.0
mengxi_upv_candidate8,0.1,0.0,0.0,0.0,0.0,0.0,0.0
mengxi_upv_candidate9,0.1,0.0,0.0,0.0,0.0,0.0,0.0
mengxi_upv_candidate10,0.1,0.0,0.0,0.0,0.0,0.0,0.0
mengxi_upv_candidate11,0.1,0.0,0.0,0.0,0.0,0.0,0.0
mengxi_upv_candidate12,0.1,0.0,0.0,0.0,0.0,0.0,0.0
mengxi_upv_candidate13,0.1,0.0,0.0,0.0,0.0,0.0,0.0
mengxi_upv_candidate14,0.1,0.0,0.0,0.0,0.0,0.0,0.0
mengxi_upv_candidate15,0.1,0.0,0.0,0.0,0.0,0.0,0.0
mengdong_upv_candidate1,0.0,0.1,0.0,0.0,0.0,0.0,0.0
mengdong_upv_candidate2,0.0,0.1,0.0,0.0,0.0,0.0,0.0
mengdong_upv_candidate3,0.0,0.1,0.0,0.0,0.0,0.0,0.0
mengdong_upv_candidate4,0.0,0.1,0.0,0.0,0.0,0.0,0.0
mengdong_upv_candidate5,0.0,0.1,0.0,0.0,0.0,0.0,0.0
mengdong_upv_candidate6,0.0,0.1,0.0,0.0,0.0,0.0,0.0
mengdong_upv_candidate7,0.0,0.1,0.0,0.0,0.0,0.0,0.0
mengdong_upv_candidate8,0.0,0.1,0.0,0.0,0.0,0.0,0.0
mengdong_upv_candidate9,0.0,0.1,0.0,0.0,0.0,0.0,0.0
mengdong_upv_candidate10,0.0,0.1,0.0,0.0,0.0,0.0,0.0
mengdong_upv_candidate11,0.0,0.1,0.0,0.0,0.0,0.0,0.0
mengdong_upv_candidate12,0.0,0.1,0.0,0.0,0.0,0.0,0.0
mengdong_upv_candidate13,0.0,0.1,0.0,0.0,0.0,0.0,0.0
mengdong_upv_candidate14,0.0,0.1,0.0,0.0,0.0,0.0,0.0
liaoning_upv_candidate1,0.0,0.1,0.0,0.0,0.0,0.0,0.0
liaoning_upv_candidate2,0.0,0.1,0.0,0.0,0.0,0.0,0.0
liaoning_upv_candidate3,0.0,0.1,0.0,0.0,0.0,0.0,0.0
liaoning_upv_candidate4,0.0,0.1,0.0,0.0,0.0,0.0,0.0
liaoning_upv_candidate5,0.0,0.1,0.0,0.0,0.0,0.0,0.0
liaoning_upv_candidate6,0.0,0.1,0.0,0.0,0.0,0.0,0.0
liaoning_upv_candidate7,0.0,0.1,0.0,0.0,0.0,0.0,0.0
liaoning_upv_candidate8,0.0,0.1,0.0,0.0,0.0,0.0,0.0
liaoning_upv_candidate9,0.0,0.1,0.0,0.0,0.0,0.0,0.0
liaoning_upv_candidate10,0.0,0.1,0.0,0.0,0.0,0.0,0.0
liaoning_upv_candidate11,0.0,0.1,0.0,0.0,0.0,0.0,0.0
liaoning_upv_candidate12,0.0,0.1,0.0,0.0,0.0,0.0,0.0
liaoning_upv_candidate13,0.0,0.1,0.0,0.0,0.0,0.0,0.0
liaoning_upv_candidate14,0.0,0.1,0.0,0.0,0.0,0.0,0.0
liaoning_upv_candidate15,0.0,0.1,0.0,0.0,0.0,0.0,0.0
jilin_upv_candidate1,0.0,0.1,0.0,0.0,0.0,0.0,0.0
jilin_upv_candidate2,0.0,0.1,0.0,0.0,0.0,0.0,0.0
jilin_upv_candidate3,0.0,0.1,0.0,0.0,0.0,0.0,0.0
jilin_upv_candidate4,0.0,0.1,0.0,0.0,0.0,0.0,0.0
jilin_upv_candidate5,0.0,0.1,0.0,0.0,0.0,0.0,0.0
jilin_upv_candidate6,0.0,0.1,0.0,0.0,0.0,0.0,0.0
jilin_upv_candidate7,0.0,0.1,0.0,0.0,0.0,0.0,0.0
jilin_upv_candidate8,0.0,0.1,0.0,0.0,0.0,0.0,0.0
jilin_upv_candidate9,0.0,0.1,0.0,0.0,0.0,0.0,0.0
jilin_upv_candidate10,0.0,0.1,0.0,0.0,0.0,0.0,0.0
jilin_upv_candidate11,0.0,0.1,0.0,0.0,0.0,0.0,0.0
jilin_upv_candidate12,0.0,0.1,0.0,0.0,0.0,0.0,0.0
jilin_upv_candidate13,0.0,0.1,0.0,0.0,0.0,0.0,0.0
jilin_upv_candidate14,0.0,0.1,0.0,0.0,0.0,0.0,0.0
jilin_upv_candidate15,0.0,0.1,0.0,0.0,0.0,0.0,0.0
heilongjiang_upv_candidate1,0.0,0.1,0.0,0.0,0.0,0.0,0.0
heilongjiang_upv_candidate2,0.0,0.1,0.0,0.0,0.0,0.0,0.0
heilongjiang_upv_candidate3,0.0,0.1,0.0,0.0,0.0,0.0,0.0
heilongjiang_upv_candidate4,0.0,0.1,0.0,0.0,0.0,0.0,0.0
heilongjiang_upv_candidate5,0.0,0.1,0.0,0.0,0.0,0.0,0.0
heilongjiang_upv_candidate6,0.0,0.1,0.0,0.0,0.0,0.0,0.0
heilongjiang_upv_candidate7,0.0,0.1,0.0,0.0,0.0,0.0,0.0
heilongjiang_upv_candidate8,0.0,0.1,0.0,0.0,0.0,0.0,0.0
heilongjiang_upv_candidate9,0.0,0.1,0.0,0.0,0.0,0.0,0.0
heilongjiang_upv_candidate10,0.0,0.1,0.0,0.0,0.0,0.0,0.0
heilongjiang_upv_candidate11,0.0,0.1,0.0,0.0,0.0,0.0,0.0
heilongjiang_upv_candidate12,0.0,0.1,0.0,0.0,0.0,0.0,0.0
heilongjiang_upv_candidate13,0.0,0.1,0.0,0.0,0.0,0.0,0.0
shanghai_upv_candidate1,0.0,0.0,0.1,0.0,0.0,0.0,0.0
shanghai_upv_candidate2,0.0,0.0,0.1,0.0,0.0,0.0,0.0
shanghai_upv_candidate3,0.0,0.0,0.1,0.0,0.0,0.0,0.0
jiangsu_upv_candidate1,0.0,0.0,0.1,0.0,0.0,0.0,0.0
jiangsu_upv_candidate2,0.0,0.0,0.1,0.0,0.0,0.0,0.0
jiangsu_upv_candidate3,0.0,0.0,0.1,0.0,0.0,0.0,0.0
jiangsu_upv_candidate4,0.0,0.0,0.1,0.0,0.0,0.0,0.0
jiangsu_upv_candidate5,0.0,0.0,0.1,0.0,0.0,0.0,0.0
jiangsu_upv_candidate6,0.0,0.0,0.1,0.0,0.0,0.0,0.0
jiangsu_upv_candidate7,0.0,0.0,0.1,0.0,0.0,0.0,0.0
jiangsu_upv_candidate8,0.0,0.0,0.1,0.0,0.0,0.0,0.0
jiangsu_upv_candidate9,0.0,0.0,0.1,0.0,0.0,0.0,0.0
jiangsu_upv_candidate10,0.0,0.0,0.1,0.0,0.0,0.0,0.0
jiangsu_upv_candidate11,0.0,0.0,0.1,0.0,0.0,0.0,0.0
jiangsu_upv_candidate12,0.0,0.0,0.1,0.0,0.0,0.0,0.0
jiangsu_upv_candidate13,0.0,0.0,0.1,0.0,0.0,0.0,0.0
jiangsu_upv_candidate14,0.0,0.0,0.1,0.0,0.0,0.0,0.0
zhejiang_upv_candidate1,0.0,0.0,0.1,0.0,0.0,0.0,0.0
zhejiang_upv_candidate2,0.0,0.0,0.1,0.0,0.0,0.0,0.0
zhejiang_upv_candidate3,0.0,0.0,0.1,0.0,0.0,0.0,0.0
zhejiang_upv_candidate4,0.0,0.0,0.1,0.0,0.0,0.0,0.0
zhejiang_upv_candidate5,0.0,0.0,0.1,0.0,0.0,0.0,0.0
zhejiang_upv_candidate6,0.0,0.0,0.1,0.0,0.0,0.0,0.0
zhejiang_upv_candidate7,0.0,0.0,0.1,0.0,0.0,0.0,0.0
zhejiang_upv_candidate8,0.0,0.0,0.1,0.0,0.0,0.0,0.0
zhejiang_upv_candidate9,0.0,0.0,0.1,0.0,0.0,0.0,0.0
anhui_upv_candidate1,0.0,0.0,0.1,0.0,0.0,0.0,0.0
anhui_upv_candidate4,0.0,0.0,0.1,0.0,0.0,0.0,0.0
anhui_upv_candidate5,0.0,0.0,0.1,0.0,0.0,0.0,0.0
anhui_upv_candidate6,0.0,0.0,0.1,0.0,0.0,0.0,0.0
anhui_upv_candidate7,0.0,0.0,0.1,0.0,0.0,0.0,0.0
anhui_upv_candidate8,0.0,0.0,0.1,0.0,0.0,0.0,0.0
anhui_upv_candidate9,0.0,0.0,0.1,0.0,0.0,0.0,0.0
anhui_upv_candidate10,0.0,0.0,0.1,0.0,0.0,0.0,0.0
anhui_upv_candidate11,0.0,0.0,0.1,0.0,0.0,0.0,0.0
anhui_upv_candidate12,0.0,0.0,0.1,0.0,0.0,0.0,0.0
anhui_upv_candidate13,0.0,0.0,0.1,0.0,0.0,0.0,0.0
anhui_upv_candidate14,0.0,0.0,0.1,0.0,0.0,0.0,0.0
anhui_upv_candidate15,0.0,0.0,0.1,0.0,0.0,0.0,0.0
fujian_upv_candidate2,0.0,0.0,0.1,0.0,0.0,0.0,0.0
fujian_upv_candidate3,0.0,0.0,0.1,0.0,0.0,0.0,0.0
fujian_upv_candidate4,0.0,0.0,0.1,0.0,0.0,0.0,0.0
fujian_upv_candidate5,0.0,0.0,0.1,0.0,0.0,0.0,0.0
fujian_upv_candidate6,0.0,0.0,0.1,0.0,0.0,0.0,0.0
fujian_upv_candidate7,0.0,0.0,0.1,0.0,0.0,0.0,0.0
fujian_upv_candidate8,0.0,0.0,0.1,0.0,0.0,0.0,0.0
fujian_upv_candidate9,0.0,0.0,0.1,0.0,0.0,0.0,0.0
jiangxi_upv_candidate1,0.0,0.0,0.0,0.1,0.0,0.0,0.0
jiangxi_upv_candidate2,0.0,0.0,0.0,0.1,0.0,0.0,0.0
jiangxi_upv_candidate3,0.0,0.0,0.0,0.1,0.0,0.0,0.0
jiangxi_upv_candidate4,0.0,0.0,0.0,0.1,0.0,0.0,0.0
jiangxi_upv_candidate5,0.0,0.0,0.0,0.1,0.0,0.0,0.0
jiangxi_upv_candidate6,0.0,0.0,0.0,0.1,0.0,0.0,0.0
jiangxi_upv_candidate7,0.0,0.0,0.0,0.1,0.0,0.0,0.0
jiangxi_upv_candidate8,0.0,0.0,0.0,0.1,0.0,0.0,0.0
jiangxi_upv_candidate9,0.0,0.0,0.0,0.1,0.0,0.0,0.0
jiangxi_upv_candidate10,0.0,0.0,0.0,0.1,0.0,0.0,0.0
jiangxi_upv_candidate11,0.0,0.0,0.0,0.1,0.0,0.0,0.0
jiangxi_upv_candidate12,0.0,0.0,0.0,0.1,0.0,0.0,0.0
jiangxi_upv_candidate13,0.0,0.0,0.0,0.1,0.0,0.0,0.0
jiangxi_upv_candidate14,0.0,0.0,0.0,0.1,0.0,0.0,0.0
henan_upv_candidate1,0.0,0.0,0.0,0.1,0.0,0.0,0.0
henan_upv_candidate2,0.0,0.0,0.0,0.1,0.0,0.0,0.0
henan_upv_candidate3,0.0,0.0,0.0,0.1,0.0,0.0,0.0
henan_upv_candidate4,0.0,0.0,0.0,0.1,0.0,0.0,0.0
henan_upv_candidate5,0.0,0.0,0.0,0.1,0.0,0.0,0.0
henan_upv_candidate6,0.0,0.0,0.0,0.1,0.0,0.0,0.0
henan_upv_candidate7,0.0,0.0,0.0,0.1,0.0,0.0,0.0
henan_upv_candidate8,0.0,0.0,0.0,0.1,0.0,0.0,0.0
henan_upv_candidate9,0.0,0.0,0.0,0.1,0.0,0.0,0.0
henan_upv_candidate10,0.0,0.0,0.0,0.1,0.0,0.0,0.0
henan_upv_candidate11,0.0,0.0,0.0,0.1,0.0,0.0,0.0
henan_upv_candidate12,0.0,0.0,0.0,0.1,0.0,0.0,0.0
henan_upv_candidate13,0.0,0.0,0.0,0.1,0.0,0.0,0.0
henan_upv_candidate14,0.0,0.0,0.0,0.1,0.0,0.0,0.0
henan_upv_candidate15,0.0,0.0,0.0,0.1,0.0,0.0,0.0
hubei_upv_candidate1,0.0,0.0,0.0,0.1,0.0,0.0,0.0
hubei_upv_candidate2,0.0,0.0,0.0,0.1,0.0,0.0,0.0
hubei_upv_candidate3,0.0,0.0,0.0,0.1,0.0,0.0,0.0
hubei_upv_candidate4,0.0,0.0,0.0,0.1,0.0,0.0,0.0
hubei_upv_candidate5,0.0,0.0,0.0,0.1,0.0,0.0,0.0
hubei_upv_candidate6,0.0,0.0,0.0,0.1,0.0,0.0,0.0
hubei_upv_candidate7,0.0,0.0,0.0,0.1,0.0,0.0,0.0
hubei_upv_candidate8,0.0,0.0,0.0,0.1,0.0,0.0,0.0
hubei_upv_candidate9,0.0,0.0,0.0,0.1,0.0,0.0,0.0
hubei_upv_candidate10,0.0,0.0,0.0,0.1,0.0,0.0,0.0
hubei_upv_candidate11,0.0,0.0,0.0,0.1,0.0,0.0,0.0
hubei_upv_candidate12,0.0,0.0,0.0,0.1,0.0,0.0,0.0
hubei_upv_candidate13,0.0,0.0,0.0,0.1,0.0,0.0,0.0
hunan_upv_candidate1,0.0,0.0,0.0,0.1,0.0,0.0,0.0
hunan_upv_candidate2,0.0,0.0,0.0,0.1,0.0,0.0,0.0
hunan_upv_candidate3,0.0,0.0,0.0,0.1,0.0,0.0,0.0
hunan_upv_candidate4,0.0,0.0,0.0,0.1,0.0,0.0,0.0
hunan_upv_candidate5,0.0,0.0,0.0,0.1,0.0,0.0,0.0
hunan_upv_candidate6,0.0,0.0,0.0,0.1,0.0,0.0,0.0
hunan_upv_candidate7,0.0,0.0,0.0,0.1,0.0,0.0,0.0
hunan_upv_candidate8,0.0,0.0,0.0,0.1,0.0,0.0,0.0
hunan_upv_candidate9,0.0,0.0,0.0,0.1,0.0,0.0,0.0
hunan_upv_candidate10,0.0,0.0,0.0,0.1,0.0,0.0,0.0
hunan_upv_candidate11,0.0,0.0,0.0,0.1,0.0,0.0,0.0
hunan_upv_candidate12,0.0,0.0,0.0,0.1,0.0,0.0,0.0
hunan_upv_candidate13,0.0,0.0,0.0,0.1,0.0,0.0,0.0
chongqing_upv_candidate1,0.0,0.0,0.0,0.0,0.1,0.0,0.0
chongqing_upv_candidate2,0.0,0.0,0.0,0.0,0.1,0.0,0.0
chongqing_upv_candidate3,0.0,0.0,0.0,0.0,0.1,0.0,0.0
chongqing_upv_candidate4,0.0,0.0,0.0,0.0,0.1,0.0,0.0
chongqing_upv_candidate5,0.0,0.0,0.0,0.0,0.1,0.0,0.0
chongqing_upv_candidate6,0.0,0.0,0.0,0.0,0.1,0.0,0.0
chongqing_upv_candidate7,0.0,0.0,0.0,0.0,0.1,0.0,0.0
chongqing_upv_candidate8,0.0,0.0,0.0,0.0,0.1,0.0,0.0
sichuan_upv_candidate1,0.0,0.0,0.0,0.0,0.1,0.0,0.0
sichuan_upv_candidate2,0.0,0.0,0.0,0.0,0.1,0.0,0.0
sichuan_upv_candidate3,0.0,0.0,0.0,0.0,0.1,0.0,0.0
sichuan_upv_candidate4,0.0,0.0,0.0,0.0,0.1,0.0,0.0
sichuan_upv_candidate5,0.0,0.0,0.0,0.0,0.1,0.0,0.0
sichuan_upv_candidate6,0.0,0.0,0.0,0.0,0.1,0.0,0.0
sichuan_upv_candidate7,0.0,0.0,0.0,0.0,0.1,0.0,0.0
sichuan_upv_candidate8,0.0,0.0,0.0,0.0,0.1,0.0,0.0
sichuan_upv_candidate9,0.0,0.0,0.0,0.0,0.1,0.0,0.0
sichuan_upv_candidate10,0.0,0.0,0.0,0.0,0.1,0.0,0.0
sichuan_upv_candidate11,0.0,0.0,0.0,0.0,0.1,0.0,0.0
sichuan_upv_candidate12,0.0,0.0,0.0,0.0,0.1,0.0,0.0
sichuan_upv_candidate13,0.0,0.0,0.0,0.0,0.1,0.0,0.0
sichuan_upv_candidate14,0.0,0.0,0.0,0.0,0.1,0.0,0.0
xizang_upv_candidate1,0.0,0.0,0.0,0.0,0.1,0.0,0.0
xizang_upv_candidate2,0.0,0.0,0.0,0.0,0.1,0.0,0.0
xizang_upv_candidate3,0.0,0.0,0.0,0.0,0.1,0.0,0.0
xizang_upv_candidate4,0.0,0.0,0.0,0.0,0.1,0.0,0.0
xizang_upv_candidate5,0.0,0.0,0.0,0.0,0.1,0.0,0.0
xizang_upv_candidate6,0.0,0.0,0.0,0.0,0.1,0.0,0.0
xizang_upv_candidate7,0.0,0.0,0.0,0.0,0.1,0.0,0.0
xizang_upv_candidate8,0.0,0.0,0.0,0.0,0.1,0.0,0.0
xizang_upv_candidate9,0.0,0.0,0.0,0.0,0.1,0.0,0.0
xizang_upv_candidate10,0.0,0.0,0.0,0.0,0.1,0.0,0.0
xizang_upv_candidate11,0.0,0.0,0.0,0.0,0.1,0.0,0.0
xizang_upv_candidate12,0.0,0.0,0.0,0.0,0.1,0.0,0.0
xizang_upv_candidate13,0.0,0.0,0.0,0.0,0.1,0.0,0.0
shaanxi_upv_candidate1,0.0,0.0,0.0,0.0,0.0,0.1,0.0
shaanxi_upv_candidate2,0.0,0.0,0.0,0.0,0.0,0.1,0.0
shaanxi_upv_candidate3,0.0,0.0,0.0,0.0,0.0,0.1,0.0
shaanxi_upv_candidate4,0.0,0.0,0.0,0.0,0.0,0.1,0.0
shaanxi_upv_candidate5,0.0,0.0,0.0,0.0,0.0,0.1,0.0
shaanxi_upv_candidate6,0.0,0.0,0.0,0.0,0.0,0.1,0.0
shaanxi_upv_candidate7,0.0,0.0,0.0,0.0,0.0,0.1,0.0
shaanxi_upv_candidate8,0.0,0.0,0.0,0.0,0.0,0.1,0.0
gansu_upv_candidate2,0.0,0.0,0.0,0.0,0.0,0.1,0.0
gansu_upv_candidate3,0.0,0.0,0.0,0.0,0.0,0.1,0.0
gansu_upv_candidate4,0.0,0.0,0.0,0.0,0.0,0.1,0.0
gansu_upv_candidate5,0.0,0.0,0.0,0.0,0.0,0.1,0.0
gansu_upv_candidate6,0.0,0.0,0.0,0.0,0.0,0.1,0.0
gansu_upv_candidate7,0.0,0.0,0.0,0.0,0.0,0.1,0.0
gansu_upv_candidate8,0.0,0.0,0.0,0.0,0.0,0.1,0.0
gansu_upv_candidate9,0.0,0.0,0.0,0.0,0.0,0.1,0.0
gansu_upv_candidate10,0.0,0.0,0.0,0.0,0.0,0.1,0.0
gansu_upv_candidate11,0.0,0.0,0.0,0.0,0.0,0.1,0.0
gansu_upv_candidate12,0.0,0.0,0.0,0.0,0.0,0.1,0.0
gansu_upv_candidate13,0.0,0.0,0.0,0.0,0.0,0.1,0.0
gansu_upv_candidate14,0.0,0.0,0.0,0.0,0.0,0.1,0.0
gansu_upv_candidate15,0.0,0.0,0.0,0.0,0.0,0.1,0.0
qinghai_upv_candidate1,0.0,0.0,0.0,0.0,0.0,0.1,0.0
qinghai_upv_candidate2,0.0,0.0,0.0,0.0,0.0,0.1,0.0
qinghai_upv_candidate3,0.0,0.0,0.0,0.0,0.0,0.1,0.0
qinghai_upv_candidate4,0.0,0.0,0.0,0.0,0.0,0.1,0.0
qinghai_upv_candidate5,0.0,0.0,0.0,0.0,0.0,0.1,0.0
qinghai_upv_candidate6,0.0,0.0,0.0,0.0,0.0,0.1,0.0
qinghai_upv_candidate7,0.0,0.0,0.0,0.0,0.0,0.1,0.0
qinghai_upv_candidate8,0.0,0.0,0.0,0.0,0.0,0.1,0.0
qinghai_upv_candidate9,0.0,0.0,0.0,0.0,0.0,0.1,0.0
qinghai_upv_candidate10,0.0,0.0,0.0,0.0,0.0,0.1,0.0
qinghai_upv_candidate11,0.0,0.0,0.0,0.0,0.0,0.1,0.0
qinghai_upv_candidate12,0.0,0.0,0.0,0.0,0.0,0.1,0.0
qinghai_upv_candidate13,0.0,0.0,0.0,0.0,0.0,0.1,0.0
ningxia_upv_candidate1,0.0,0.0,0.0,0.0,0.0,0.1,0.0
ningxia_upv_candidate2,0.0,0.0,0.0,0.0,0.0,0.1,0.0
ningxia_upv_candidate3,0.0,0.0,0.0,0.0,0.0,0.1,0.0
ningxia_upv_candidate4,0.0,0.0,0.0,0.0,0.0,0.1,0.0
ningxia_upv_candidate5,0.0,0.0,0.0,0.0,0.0,0.1,0.0
ningxia_upv_candidate6,0.0,0.0,0.0,0.0,0.0,0.1,0.0
ningxia_upv_candidate7,0.0,0.0,0.0,0.0,0.0,0.1,0.0
ningxia_upv_candidate8,0.0,0.0,0.0,0.0,0.0,0.1,0.0
ningxia_upv_candidate9,0.0,0.0,0.0,0.0,0.0,0.1,0.0
ningxia_upv_candidate10,0.0,0.0,0.0,0.0,0.0,0.1,0.0
ningxia_upv_candidate11,0.0,0.0,0.0,0.0,0.0,0.1,0.0
ningxia_upv_candidate12,0.0,0.0,0.0,0.0,0.0,0.1,0.0
xinjiang_upv_candidate1,0.0,0.0,0.0,0.0,0.0,0.1,0.0
xinjiang_upv_candidate2,0.0,0.0,0.0,0.0,0.0,0.1,0.0
xinjiang_upv_candidate3,0.0,0.0,0.0,0.0,0.0,0.1,0.0
xinjiang_upv_candidate4,0.0,0.0,0.0,0.0,0.0,0.1,0.0
xinjiang_upv_candidate5,0.0,0.0,0.0,0.0,0.0,0.1,0.0
xinjiang_upv_candidate6,0.0,0.0,0.0,0.0,0.0,0.1,0.0
xinjiang_upv_candidate7,0.0,0.0,0.0,0.0,0.0,0.1,0.0
xinjiang_upv_candidate8,0.0,0.0,0.0,0.0,0.0,0.1,0.0
xinjiang_upv_candidate9,0.0,0.0,0.0,0.0,0.0,0.1,0.0
xinjiang_upv_candidate10,0.0,0.0,0.0,0.0,0.0,0.1,0.0
xinjiang_upv_candidate11,0.0,0.0,0.0,0.0,0.0,0.1,0.0
xinjiang_upv_candidate12,0.0,0.0,0.0,0.0,0.0,0.1,0.0
xinjiang_upv_candidate13,0.0,0.0,0.0,0.0,0.0,0.1,0.0
xinjiang_upv_candidate14,0.0,0.0,0.0,0.0,0.0,0.1,0.0
guangdong_upv_candidate1,0.0,0.0,0.0,0.0,0.0,0.0,0.1
guangdong_upv_candidate2,0.0,0.0,0.0,0.0,0.0,0.0,0.1
guangdong_upv_candidate3,0.0,0.0,0.0,0.0,0.0,0.0,0.1
guangdong_upv_candidate4,0.0,0.0,0.0,0.0,0.0,0.0,0.1
guangdong_upv_candidate5,0.0,0.0,0.0,0.0,0.0,0.0,0.1
guangdong_upv_candidate6,0.0,0.0,0.0,0.0,0.0,0.0,0.1
guangdong_upv_candidate7,0.0,0.0,0.0,0.0,0.0,0.0,0.1
guangdong_upv_candidate8,0.0,0.0,0.0,0.0,0.0,0.0,0.1
guangdong_upv_candidate9,0.0,0.0,0.0,0.0,0.0,0.0,0.1
guangdong_upv_candidate10,0.0,0.0,0.0,0.0,0.0,0.0,0.1
guangdong_upv_candidate11,0.0,0.0,0.0,0.0,0.0,0.0,0.1
guangdong_upv_candidate12,0.0,0.0,0.0,0.0,0.0,0.0,0.1
guangdong_upv_candidate13,0.0,0.0,0.0,0.0,0.0,0.0,0.1
guangdong_upv_candidate14,0.0,0.0,0.0,0.0,0.0,0.0,0.1
guangdong_upv_candidate15,0.0,0.0,0.0,0.0,0.0,0.0,0.1
guangxi_upv_candidate1,0.0,0.0,0.0,0.0,0.0,0.0,0.1
guangxi_upv_candidate2,0.0,0.0,0.0,0.0,0.0,0.0,0.1
guangxi_upv_candidate3,0.0,0.0,0.0,0.0,0.0,0.0,0.1
guangxi_upv_candidate4,0.0,0.0,0.0,0.0,0.0,0.0,0.1
guangxi_upv_candidate5,0.0,0.0,0.0,0.0,0.0,0.0,0.1
guangxi_upv_candidate6,0.0,0.0,0.0,0.0,0.0,0.0,0.1
guangxi_upv_candidate7,0.0,0.0,0.0,0.0,0.0,0.0,0.1
guangxi_upv_candidate8,0.0,0.0,0.0,0.0,0.0,0.0,0.1
guangxi_upv_candidate9,0.0,0.0,0.0,0.0,0.0,0.0,0.1
guangxi_upv_candidate10,0.0,0.0,0.0,0.0,0.0,0.0,0.1
guangxi_upv_candidate11,0.0,0.0,0.0,0.0,0.0,0.0,0.1
guangxi_upv_candidate12,0.0,0.0,0.0,0.0,0.0,0.0,0.1
guangxi_upv_candidate13,0.0,0.0,0.0,0.0,0.0,0.0,0.1
guangxi_upv_candidate14,0.0,0.0,0.0,0.0,0.0,0.0,0.1
guangxi_upv_candidate15,0.0,0.0,0.0,0.0,0.0,0.0,0.1
hainan_upv_candidate1,0.0,0.0,0.0,0.0,0.0,0.0,0.1
hainan_upv_candidate2,0.0,0.0,0.0,0.0,0.0,0.0,0.1
hainan_upv_candidate3,0.0,0.0,0.0,0.0,0.0,0.0,0.1
hainan_upv_candidate4,0.0,0.0,0.0,0.0,0.0,0.0,0.1
hainan_upv_candidate5,0.0,0.0,0.0,0.0,0.0,0.0,0.1
guizhou_upv_candidate1,0.0,0.0,0.0,0.0,0.0,0.0,0.1
guizhou_upv_candidate2,0.0,0.0,0.0,0.0,0.0,0.0,0.1
guizhou_upv_candidate3,0.0,0.0,0.0,0.0,0.0,0.0,0.1
guizhou_upv_candidate4,0.0,0.0,0.0,0.0,0.0,0.0,0.1
guizhou_upv_candidate5,0.0,0.0,0.0,0.0,0.0,0.0,0.1
guizhou_upv_candidate6,0.0,0.0,0.0,0.0,0.0,0.0,0.1
yunnan_upv_candidate1,0.0,0.0,0.0,0.0,0.0,0.0,0.1
yunnan_upv_candidate2,0.0,0.0,0.0,0.0,0.0,0.0,0.1
yunnan_upv_candidate3,0.0,0.0,0.0,0.0,0.0,0.0,0.1
yunnan_upv_candidate4,0.0,0.0,0.0,0.0,0.0,0.0,0.1
yunnan_upv_candidate5,0.0,0.0,0.0,0.0,0.0,0.0,0.1
yunnan_upv_candidate6,0.0,0.0,0.0,0.0,0.0,0.0,0.1
yunnan_upv_candidate7,0.0,0.0,0.0,0.0,0.0,0.0,0.1
yunnan_upv_candidate8,0.0,0.0,0.0,0.0,0.0,0.0,0.1
yunnan_upv_candidate9,0.0,0.0,0.0,0.0,0.0,0.0,0.1
yunnan_upv_candidate10,0.0,0.0,0.0,0.0,0.0,0.0,0.1
yunnan_upv_candidate11,0.0,0.0,0.0,0.0,0.0,0.0,0.1
XZ2zangyu_upv_candidate,0.0,0.0,0.0,0.0,0.1,0.0,0.0
XJ2wu_upv_candidate,0.0,0.0,0.0,0.0,0.1,0.0,0.0
XJ2liu_upv_candidate,0.0,0.0,0.0,0.1,0.0,0.0,0.0
XJ2qi_upv_candidate,0.0,0.0,0.0,0.1,0.0,0.0,0.0
XJ2ba_upv_candidate,0.0,0.0,0.0,0.0,0.0,0.0,0.1
NX2wu_upv_candidate,0.0,0.0,0.0,0.1,0.0,0.0,0.0
GS2baer_upv_candidate,0.0,0.0,0.1,0.0,0.0,0.0,0.0
QH2delingha_upv_candidate,0.0,0.0,0.0,0.0,0.0,0.0,0.1
QH2dongxitai_upv_candidate,0.0,0.0,0.0,0.0,0.0,0.0,0.1
beijing_onshorewind_candidate1,0.1,0.0,0.0,0.0,0.0,0.0,0.0
jibei_onshorewind_candidate1,0.1,0.0,0.0,0.0,0.0,0.0,0.0
tianjin_onshorewind_candidate1,0.1,0.0,0.0,0.0,0.0,0.0,0.0
beijing_onshorewind_candidate2,0.1,0.0,0.0,0.0,0.0,0.0,0.0
jibei_onshorewind_candidate2,0.1,0.0,0.0,0.0,0.0,0.0,0.0
tianjin_onshorewind_candidate2,0.1,0.0,0.0,0.0,0.0,0.0,0.0
beijing_onshorewind_candidate3,0.1,0.0,0.0,0.0,0.0,0.0,0.0
jibei_onshorewind_candidate3,0.1,0.0,0.0,0.0,0.0,0.0,0.0
tianjin_onshorewind_candidate3,0.1,0.0,0.0,0.0,0.0,0.0,0.0
tianjin_onshorewind_candidate4,0.1,0.0,0.0,0.0,0.0,0.0,0.0
tianjin_onshorewind_candidate5,0.1,0.0,0.0,0.0,0.0,0.0,0.0
jibei_onshorewind_candidate6,0.1,0.0,0.0,0.0,0.0,0.0,0.0
tianjin_onshorewind_candidate6,0.1,0.0,0.0,0.0,0.0,0.0,0.0
tianjin_onshorewind_candidate7,0.1,0.0,0.0,0.0,0.0,0.0,0.0
jibei_onshorewind_candidate8,0.1,0.0,0.0,0.0,0.0,0.0,0.0
tianjin_onshorewind_candidate8,0.1,0.0,0.0,0.0,0.0,0.0,0.0
tianjin_onshorewind_candidate9,0.1,0.0,0.0,0.0,0.0,0.0,0.0
tianjin_onshorewind_candidate10,0.1,0.0,0.0,0.0,0.0,0.0,0.0
jibei_onshorewind_candidate11,0.1,0.0,0.0,0.0,0.0,0.0,0.0
tianjin_onshorewind_candidate11,0.1,0.0,0.0,0.0,0.0,0.0,0.0
jibei_onshorewind_candidate12,0.1,0.0,0.0,0.0,0.0,0.0,0.0
tianjin_onshorewind_candidate12,0.1,0.0,0.0,0.0,0.0,0.0,0.0
jibei_onshorewind_candidate13,0.1,0.0,0.0,0.0,0.0,0.0,0.0
tianjin_onshorewind_candidate13,0.1,0.0,0.0,0.0,0.0,0.0,0.0
jibei_onshorewind_candidate14,0.1,0.0,0.0,0.0,0.0,0.0,0.0
jibei_onshorewind_candidate15,0.1,0.0,0.0,0.0,0.0,0.0,0.0
jinan_onshorewind_candidate1,0.1,0.0,0.0,0.0,0.0,0.0,0.0
jinan_onshorewind_candidate2,0.1,0.0,0.0,0.0,0.0,0.0,0.0
jinan_onshorewind_candidate3,0.1,0.0,0.0,0.0,0.0,0.0,0.0
jinan_onshorewind_candidate4,0.1,0.0,0.0,0.0,0.0,0.0,0.0
jinan_onshorewind_candidate5,0.1,0.0,0.0,0.0,0.0,0.0,0.0
jinan_onshorewind_candidate6,0.1,0.0,0.0,0.0,0.0,0.0,0.0
jinan_onshorewind_candidate8,0.1,0.0,0.0,0.0,0.0,0.0,0.0
jinan_onshorewind_candidate9,0.1,0.0,0.0,0.0,0.0,0.0,0.0
jinan_onshorewind_candidate12,0.1,0.0,0.0,0.0,0.0,0.0,0.0
shanxi_onshorewind_candidate1,0.1,0.0,0.0,0.0,0.0,0.0,0.0
shanxi_onshorewind_candidate2,0.1,0.0,0.0,0.0,0.0,0.0,0.0
shanxi_onshorewind_candidate3,0.1,0.0,0.0,0.0,0.0,0.0,0.0
shanxi_onshorewind_candidate6,0.1,0.0,0.0,0.0,0.0,0.0,0.0
shanxi_onshorewind_candidate7,0.1,0.0,0.0,0.0,0.0,0.0,0.0
shanxi_onshorewind_candidate8,0.1,0.0,0.0,0.0,0.0,0.0,0.0
shanxi_onshorewind_candidate9,0.1,0.0,0.0,0.0,0.0,0.0,0.0
shanxi_onshorewind_candidate10,0.1,0.0,0.0,0.0,0.0,0.0,0.0
shanxi_onshorewind_candidate11,0.1,0.0,0.0,0.0,0.0,0.0,0.0
shanxi_onshorewind_candidate12,0.1,0.0,0.0,0.0,0.0,0.0,0.0
shanxi_onshorewind_candidate13,0.1,0.0,0.0,0.0,0.0,0.0,0.0
shanxi_onshorewind_candidate14,0.1,0.0,0.0,0.0,0.0,0.0,0.0
shanxi_onshorewind_candidate15,0.1,0.0,0.0,0.0,0.0,0.0,0.0
shandong_onshorewind_candidate1,0.1,0.0,0.0,0.0,0.0,0.0,0.0
shandong_onshorewind_candidate2,0.1,0.0,0.0,0.0,0.0,0.0,0.0
shandong_onshorewind_candidate3,0.1,0.0,0.0,0.0,0.0,0.0,0.0
shandong_onshorewind_candidate4,0.1,0.0,0.0,0.0,0.0,0.0,0.0
shandong_onshorewind_candidate5,0.1,0.0,0.0,0.0,0.0,0.0,0.0
shandong_onshorewind_candidate6,0.1,0.0,0.0,0.0,0.0,0.0,0.0
shandong_onshorewind_candidate7,0.1,0.0,0.0,0.0,0.0,0.0,0.0
shandong_onshorewind_candidate8,0.1,0.0,0.0,0.0,0.0,0.0,0.0
shandong_onshorewind_candidate9,0.1,0.0,0.0,0.0,0.0,0.0,0.0
shandong_onshorewind_candidate10,0.1,0.0,0.0,0.0,0.0,0.0,0.0
shandong_onshorewind_candidate11,0.1,0.0,0.0,0.0,0.0,0.0,0.0
shandong_onshorewind_candidate12,0.1,0.0,0.0,0.0,0.0,0.0,0.0
shandong_onshorewind_candidate13,0.1,0.0,0.0,0.0,0.0,0.0,0.0
shandong_onshorewind_candidate14,0.1,0.0,0.0,0.0,0.0,0.0,0.0
shandong_onshorewind_candidate15,0.1,0.0,0.0,0.0,0.0,0.0,0.0
mengxi_onshorewind_candidate1,0.1,0.0,0.0,0.0,0.0,0.0,0.0
mengxi_onshorewind_candidate2,0.1,0.0,0.0,0.0,0.0,0.0,0.0
mengxi_onshorewind_candidate3,0.1,0.0,0.0,0.0,0.0,0.0,0.0
mengxi_onshorewind_candidate4,0.1,0.0,0.0,0.0,0.0,0.0,0.0
mengxi_onshorewind_candidate5,0.1,0.0,0.0,0.0,0.0,0.0,0.0
mengxi_onshorewind_candidate6,0.1,0.0,0.0,0.0,0.0,0.0,0.0
mengxi_onshorewind_candidate7,0.1,0.0,0.0,0.0,0.0,0.0,0.0
mengxi_onshorewind_candidate8,0.1,0.0,0.0,0.0,0.0,0.0,0.0
mengxi_onshorewind_candidate9,0.1,0.0,0.0,0.0,0.0,0.0,0.0
mengxi_onshorewind_candidate10,0.1,0.0,0.0,0.0,0.0,0.0,0.0
mengxi_onshorewind_candidate11,0.1,0.0,0.0,0.0,0.0,0.0,0.0
mengxi_onshorewind_candidate12,0.1,0.0,0.0,0.0,0.0,0.0,0.0
mengxi_onshorewind_candidate13,0.1,0.0,0.0,0.0,0.0,0.0,0.0
mengxi_onshorewind_candidate14,0.1,0.0,0.0,0.0,0.0,0.0,0.0
mengxi_onshorewind_candidate15,0.1,0.0,0.0,0.0,0.0,0.0,0.0
mengdong_onshorewind_candidate1,0.0,0.1,0.0,0.0,0.0,0.0,0.0
mengdong_onshorewind_candidate2,0.0,0.1,0.0,0.0,0.0,0.0,0.0
mengdong_onshorewind_candidate3,0.0,0.1,0.0,0.0,0.0,0.0,0.0
mengdong_onshorewind_candidate4,0.0,0.1,0.0,0.0,0.0,0.0,0.0
mengdong_onshorewind_candidate5,0.0,0.1,0.0,0.0,0.0,0.0,0.0
mengdong_onshorewind_candidate6,0.0,0.1,0.0,0.0,0.0,0.0,0.0
mengdong_onshorewind_candidate7,0.0,0.1,0.0,0.0,0.0,0.0,0.0
mengdong_onshorewind_candidate8,0.0,0.1,0.0,0.0,0.0,0.0,0.0
mengdong_onshorewind_candidate9,0.0,0.1,0.0,0.0,0.0,0.0,0.0
mengdong_onshorewind_candidate10,0.0,0.1,0.0,0.0,0.0,0.0,0.0
mengdong_onshorewind_candidate11,0.0,0.1,0.0,0.0,0.0,0.0,0.0
mengdong_onshorewind_candidate12,0.0,0.1,0.0,0.0,0.0,0.0,0.0
mengdong_onshorewind_candidate13,0.0,0.1,0.0,0.0,0.0,0.0,0.0
mengdong_onshorewind_candidate14,0.0,0.1,0.0,0.0,0.0,0.0,0.0
mengdong_onshorewind_candidate15,0.0,0.1,0.0,0.0,0.0,0.0,0.0
liaoning_onshorewind_candidate1,0.0,0.1,0.0,0.0,0.0,0.0,0.0
liaoning_onshorewind_candidate2,0.0,0.1,0.0,0.0,0.0,0.0,0.0
liaoning_onshorewind_candidate3,0.0,0.1,0.0,0.0,0.0,0.0,0.0
liaoning_onshorewind_candidate4,0.0,0.1,0.0,0.0,0.0,0.0,0.0
liaoning_onshorewind_candidate5,0.0,0.1,0.0,0.0,0.0,0.0,0.0
liaoning_onshorewind_candidate7,0.0,0.1,0.0,0.0,0.0,0.0,0.0
liaoning_onshorewind_candidate9,0.0,0.1,0.0,0.0,0.0,0.0,0.0
liaoning_onshorewind_candidate11,0.0,0.1,0.0,0.0,0.0,0.0,0.0
liaoning_onshorewind_candidate12,0.0,0.1,0.0,0.0,0.0,0.0,0.0
liaoning_onshorewind_candidate13,0.0,0.1,0.0,0.0,0.0,0.0,0.0
liaoning_onshorewind_candidate14,0.0,0.1,0.0,0.0,0.0,0.0,0.0
liaoning_onshorewind_candidate15,0.0,0.1,0.0,0.0,0.0,0.0,0.0
jilin_onshorewind_candidate1,0.0,0.1,0.0,0.0,0.0,0.0,0.0
jilin_onshorewind_candidate2,0.0,0.1,0.0,0.0,0.0,0.0,0.0
jilin_onshorewind_candidate3,0.0,0.1,0.0,0.0,0.0,0.0,0.0
jilin_onshorewind_candidate4,0.0,0.1,0.0,0.0,0.0,0.0,0.0
jilin_onshorewind_candidate5,0.0,0.1,0.0,0.0,0.0,0.0,0.0
jilin_onshorewind_candidate6,0.0,0.1,0.0,0.0,0.0,0.0,0.0
jilin_onshorewind_candidate7,0.0,0.1,0.0,0.0,0.0,0.0,0.0
jilin_onshorewind_candidate8,0.0,0.1,0.0,0.0,0.0,0.0,0.0
jilin_onshorewind_candidate9,0.0,0.1,0.0,0.0,0.0,0.0,0.0
jilin_onshorewind_candidate10,0.0,0.1,0.0,0.0,0.0,0.0,0.0
jilin_onshorewind_candidate11,0.0,0.1,0.0,0.0,0.0,0.0,0.0
jilin_onshorewind_candidate12,0.0,0.1,0.0,0.0,0.0,0.0,0.0
jilin_onshorewind_candidate13,0.0,0.1,0.0,0.0,0.0,0.0,0.0
jilin_onshorewind_candidate14,0.0,0.1,0.0,0.0,0.0,0.0,0.0
jilin_onshorewind_candidate15,0.0,0.1,0.0,0.0,0.0,0.0,0.0
heilongjiang_onshorewind_candidate1,0.0,0.1,0.0,0.0,0.0,0.0,0.0
heilongjiang_onshorewind_candidate2,0.0,0.1,0.0,0.0,0.0,0.0,0.0
heilongjiang_onshorewind_candidate3,0.0,0.1,0.0,0.0,0.0,0.0,0.0
heilongjiang_onshorewind_candidate4,0.0,0.1,0.0,0.0,0.0,0.0,0.0
heilongjiang_onshorewind_candidate5,0.0,0.1,0.0,0.0,0.0,0.0,0.0
heilongjiang_onshorewind_candidate6,0.0,0.1,0.0,0.0,0.0,0.0,0.0
heilongjiang_onshorewind_candidate7,0.0,0.1,0.0,0.0,0.0,0.0,0.0
heilongjiang_onshorewind_candidate8,0.0,0.1,0.0,0.0,0.0,0.0,0.0
heilongjiang_onshorewind_candidate9,0.0,0.1,0.0,0.0,0.0,0.0,0.0
heilongjiang_onshorewind_candidate10,0.0,0.1,0.0,0.0,0.0,0.0,0.0
heilongjiang_onshorewind_candidate11,0.0,0.1,0.0,0.0,0.0,0.0,0.0
heilongjiang_onshorewind_candidate12,0.0,0.1,0.0,0.0,0.0,0.0,0.0
heilongjiang_onshorewind_candidate13,0.0,0.1,0.0,0.0,0.0,0.0,0.0
heilongjiang_onshorewind_candidate14,0.0,0.1,0.0,0.0,0.0,0.0,0.0
heilongjiang_onshorewind_candidate15,0.0,0.1,0.0,0.0,0.0,0.0,0.0
shanghai_onshorewind_candidate1,0.0,0.0,0.1,0.0,0.0,0.0,0.0
jiangsu_onshorewind_candidate1,0.0,0.0,0.1,0.0,0.0,0.0,0.0
jiangsu_onshorewind_candidate3,0.0,0.0,0.1,0.0,0.0,0.0,0.0
jiangsu_onshorewind_candidate5,0.0,0.0,0.1,0.0,0.0,0.0,0.0
jiangsu_onshorewind_candidate6,0.0,0.0,0.1,0.0,0.0,0.0,0.0
jiangsu_onshorewind_candidate7,0.0,0.0,0.1,0.0,0.0,0.0,0.0
jiangsu_onshorewind_candidate9,0.0,0.0,0.1,0.0,0.0,0.0,0.0
jiangsu_onshorewind_candidate10,0.0,0.0,0.1,0.0,0.0,0.0,0.0
jiangsu_onshorewind_candidate11,0.0,0.0,0.1,0.0,0.0,0.0,0.0
jiangsu_onshorewind_candidate12,0.0,0.0,0.1,0.0,0.0,0.0,0.0
zhejiang_onshorewind_candidate1,0.0,0.0,0.1,0.0,0.0,0.0,0.0
zhejiang_onshorewind_candidate2,0.0,0.0,0.1,0.0,0.0,0.0,0.0
zhejiang_onshorewind_candidate3,0.0,0.0,0.1,0.0,0.0,0.0,0.0
zhejiang_onshorewind_candidate4,0.0,0.0,0.1,0.0,0.0,0.0,0.0
zhejiang_onshorewind_candidate5,0.0,0.0,0.1,0.0,0.0,0.0,0.0
anhui_onshorewind_candidate1,0.0,0.0,0.1,0.0,0.0,0.0,0.0
anhui_onshorewind_candidate3,0.0,0.0,0.1,0.0,0.0,0.0,0.0
anhui_onshorewind_candidate4,0.0,0.0,0.1,0.0,0.0,0.0,0.0
anhui_onshorewind_candidate5,0.0,0.0,0.1,0.0,0.0,0.0,0.0
anhui_onshorewind_candidate7,0.0,0.0,0.1,0.0,0.0,0.0,0.0
anhui_onshorewind_candidate8,0.0,0.0,0.1,0.0,0.0,0.0,0.0
anhui_onshorewind_candidate9,0.0,0.0,0.1,0.0,0.0,0.0,0.0
anhui_onshorewind_candidate11,0.0,0.0,0.1,0.0,0.0,0.0,0.0
anhui_onshorewind_candidate12,0.0,0.0,0.1,0.0,0.0,0.0,0.0
anhui_onshorewind_candidate13,0.0,0.0,0.1,0.0,0.0,0.0,0.0
anhui_onshorewind_candidate14,0.0,0.0,0.1,0.0,0.0,0.0,0.0
fujian_onshorewind_candidate1,0.0,0.0,0.1,0.0,0.0,0.0,0.0
fujian_onshorewind_candidate2,0.0,0.0,0.1,0.0,0.0,0.0,0.0
fujian_onshorewind_candidate3,0.0,0.0,0.1,0.0,0.0,0.0,0.0
jiangxi_onshorewind_candidate1,0.0,0.0,0.0,0.1,0.0,0.0,0.0
jiangxi_onshorewind_candidate2,0.0,0.0,0.0,0.1,0.0,0.0,0.0
jiangxi_onshorewind_candidate3,0.0,0.0,0.0,0.1,0.0,0.0,0.0
jiangxi_onshorewind_candidate4,0.0,0.0,0.0,0.1,0.0,0.0,0.0
jiangxi_onshorewind_candidate5,0.0,0.0,0.0,0.1,0.0,0.0,0.0
jiangxi_onshorewind_candidate6,0.0,0.0,0.0,0.1,0.0,0.0,0.0
jiangxi_onshorewind_candidate8,0.0,0.0,0.0,0.1,0.0,0.0,0.0
jiangxi_onshorewind_candidate9,0.0,0.0,0.0,0.1,0.0,0.0,0.0
jiangxi_onshorewind_candidate10,0.0,0.0,0.0,0.1,0.0,0.0,0.0
jiangxi_onshorewind_candidate11,0.0,0.0,0.0,0.1,0.0,0.0,0.0
jiangxi_onshorewind_candidate12,0.0,0.0,0.0,0.1,0.0,0.0,0.0
jiangxi_onshorewind_candidate13,0.0,0.0,0.0,0.1,0.0,0.0,0.0
henan_onshorewind_candidate1,0.0,0.0,0.0,0.1,0.0,0.0,0.0
henan_onshorewind_candidate3,0.0,0.0,0.0,0.1,0.0,0.0,0.0
henan_onshorewind_candidate4,0.0,0.0,0.0,0.1,0.0,0.0,0.0
henan_onshorewind_candidate5,0.0,0.0,0.0,0.1,0.0,0.0,0.0
henan_onshorewind_candidate6,0.0,0.0,0.0,0.1,0.0,0.0,0.0
henan_onshorewind_candidate7,0.0,0.0,0.0,0.1,0.0,0.0,0.0
henan_onshorewind_candidate8,0.0,0.0,0.0,0.1,0.0,0.0,0.0
henan_onshorewind_candidate9,0.0,0.0,0.0,0.1,0.0,0.0,0.0
henan_onshorewind_candidate10,0.0,0.0,0.0,0.1,0.0,0.0,0.0
henan_onshorewind_candidate11,0.0,0.0,0.0,0.1,0.0,0.0,0.0
henan_onshorewind_candidate12,0.0,0.0,0.0,0.1,0.0,0.0,0.0
henan_onshorewind_candidate14,0.0,0.0,0.0,0.1,0.0,0.0,0.0
henan_onshorewind_candidate15,0.0,0.0,0.0,0.1,0.0,0.0,0.0
hubei_onshorewind_candidate2,0.0,0.0,0.0,0.1,0.0,0.0,0.0
hubei_onshorewind_candidate4,0.0,0.0,0.0,0.1,0.0,0.0,0.0
hubei_onshorewind_candidate5,0.0,0.0,0.0,0.1,0.0,0.0,0.0
hubei_onshorewind_candidate6,0.0,0.0,0.0,0.1,0.0,0.0,0.0
hubei_onshorewind_candidate7,0.0,0.0,0.0,0.1,0.0,0.0,0.0
hubei_onshorewind_candidate8,0.0,0.0,0.0,0.1,0.0,0.0,0.0
hubei_onshorewind_candidate9,0.0,0.0,0.0,0.1,0.0,0.0,0.0
hubei_onshorewind_candidate10,0.0,0.0,0.0,0.1,0.0,0.0,0.0
hubei_onshorewind_candidate12,0.0,0.0,0.0,0.1,0.0,0.0,0.0
hubei_onshorewind_candidate13,0.0,0.0,0.0,0.1,0.0,0.0,0.0
hubei_onshorewind_candidate14,0.0,0.0,0.0,0.1,0.0,0.0,0.0
hubei_onshorewind_candidate15,0.0,0.0,0.0,0.1,0.0,0.0,0.0
hunan_onshorewind_candidate2,0.0,0.0,0.0,0.1,0.0,0.0,0.0
hunan_onshorewind_candidate3,0.0,0.0,0.0,0.1,0.0,0.0,0.0
hunan_onshorewind_candidate4,0.0,0.0,0.0,0.1,0.0,0.0,0.0
hunan_onshorewind_candidate5,0.0,0.0,0.0,0.1,0.0,0.0,0.0
hunan_onshorewind_candidate6,0.0,0.0,0.0,0.1,0.0,0.0,0.0
hunan_onshorewind_candidate7,0.0,0.0,0.0,0.1,0.0,0.0,0.0
hunan_onshorewind_candidate9,0.0,0.0,0.0,0.1,0.0,0.0,0.0
hunan_onshorewind_candidate10,0.0,0.0,0.0,0.1,0.0,0.0,0.0
hunan_onshorewind_candidate11,0.0,0.0,0.0,0.1,0.0,0.0,0.0
hunan_onshorewind_candidate12,0.0,0.0,0.0,0.1,0.0,0.0,0.0
hunan_onshorewind_candidate13,0.0,0.0,0.0,0.1,0.0,0.0,0.0
hunan_onshorewind_candidate14,0.0,0.0,0.0,0.1,0.0,0.0,0.0
hunan_onshorewind_candidate15,0.0,0.0,0.0,0.1,0.0,0.0,0.0
sichuan_onshorewind_candidate2,0.0,0.0,0.0,0.0,0.1,0.0,0.0
sichuan_onshorewind_candidate3,0.0,0.0,0.0,0.0,0.1,0.0,0.0
sichuan_onshorewind_candidate4,0.0,0.0,0.0,0.0,0.1,0.0,0.0
sichuan_onshorewind_candidate5,0.0,0.0,0.0,0.0,0.1,0.0,0.0
xizang_onshorewind_candidate1,0.0,0.0,0.0,0.0,0.1,0.0,0.0
xizang_onshorewind_candidate2,0.0,0.0,0.0,0.0,0.1,0.0,0.0
xizang_onshorewind_candidate3,0.0,0.0,0.0,0.0,0.1,0.0,0.0
xizang_onshorewind_candidate4,0.0,0.0,0.0,0.0,0.1,0.0,0.0
xizang_onshorewind_candidate5,0.0,0.0,0.0,0.0,0.1,0.0,0.0
xizang_onshorewind_candidate6,0.0,0.0,0.0,0.0,0.1,0.0,0.0
shaanxi_onshorewind_candidate1,0.0,0.0,0.0,0.0,0.0,0.1,0.0
shaanxi_onshorewind_candidate2,0.0,0.0,0.0,0.0,0.0,0.1,0.0
shaanxi_onshorewind_candidate3,0.0,0.0,0.0,0.0,0.0,0.1,0.0
shaanxi_onshorewind_candidate4,0.0,0.0,0.0,0.0,0.0,0.1,0.0
shaanxi_onshorewind_candidate5,0.0,0.0,0.0,0.0,0.0,0.1,0.0
shaanxi_onshorewind_candidate6,0.0,0.0,0.0,0.0,0.0,0.1,0.0
shaanxi_onshorewind_candidate7,0.0,0.0,0.0,0.0,0.0,0.1,0.0
gansu_onshorewind_candidate1,0.0,0.0,0.0,0.0,0.0,0.1,0.0
gansu_onshorewind_candidate2,0.0,0.0,0.0,0.0,0.0,0.1,0.0
gansu_onshorewind_candidate3,0.0,0.0,0.0,0.0,0.0,0.1,0.0
gansu_onshorewind_candidate4,0.0,0.0,0.0,0.0,0.0,0.1,0.0
gansu_onshorewind_candidate5,0.0,0.0,0.0,0.0,0.0,0.1,0.0
gansu_onshorewind_candidate6,0.0,0.0,0.0,0.0,0.0,0.1,0.0
gansu_onshorewind_candidate7,0.0,0.0,0.0,0.0,0.0,0.1,0.0
gansu_onshorewind_candidate8,0.0,0.0,0.0,0.0,0.0,0.1,0.0
qinghai_onshorewind_candidate1,0.0,0.0,0.0,0.0,0.0,0.1,0.0
qinghai_onshorewind_candidate2,0.0,0.0,0.0,0.0,0.0,0.1,0.0
qinghai_onshorewind_candidate3,0.0,0.0,0.0,0.0,0.0,0.1,0.0
qinghai_onshorewind_candidate4,0.0,0.0,0.0,0.0,0.0,0.1,0.0
qinghai_onshorewind_candidate5,0.0,0.0,0.0,0.0,0.0,0.1,0.0
qinghai_onshorewind_candidate6,0.0,0.0,0.0,0.0,0.0,0.1,0.0
qinghai_onshorewind_candidate7,0.0,0.0,0.0,0.0,0.0,0.1,0.0
qinghai_onshorewind_candidate8,0.0,0.0,0.0,0.0,0.0,0.1,0.0
ningxia_onshorewind_candidate2,0.0,0.0,0.0,0.0,0.0,0.1,0.0
ningxia_onshorewind_candidate3,0.0,0.0,0.0,0.0,0.0,0.1,0.0
ningxia_onshorewind_candidate4,0.0,0.0,0.0,0.0,0.0,0.1,0.0
ningxia_onshorewind_candidate5,0.0,0.0,0.0,0.0,0.0,0.1,0.0
ningxia_onshorewind_candidate6,0.0,0.0,0.0,0.0,0.0,0.1,0.0
ningxia_onshorewind_candidate7,0.0,0.0,0.0,0.0,0.0,0.1,0.0
ningxia_onshorewind_candidate8,0.0,0.0,0.0,0.0,0.0,0.1,0.0
ningxia_onshorewind_candidate9,0.0,0.0,0.0,0.0,0.0,0.1,0.0
ningxia_onshorewind_candidate10,0.0,0.0,0.0,0.0,0.0,0.1,0.0
xinjiang_onshorewind_candidate1,0.0,0.0,0.0,0.0,0.0,0.1,0.0
xinjiang_onshorewind_candidate2,0.0,0.0,0.0,0.0,0.0,0.1,0.0
xinjiang_onshorewind_candidate3,0.0,0.0,0.0,0.0,0.0,0.1,0.0
xinjiang_onshorewind_candidate4,0.0,0.0,0.0,0.0,0.0,0.1,0.0
xinjiang_onshorewind_candidate5,0.0,0.0,0.0,0.0,0.0,0.1,0.0
xinjiang_onshorewind_candidate6,0.0,0.0,0.0,0.0,0.0,0.1,0.0
xinjiang_onshorewind_candidate7,0.0,0.0,0.0,0.0,0.0,0.1,0.0
xinjiang_onshorewind_candidate8,0.0,0.0,0.0,0.0,0.0,0.1,0.0
xinjiang_onshorewind_candidate9,0.0,0.0,0.0,0.0,0.0,0.1,0.0
xinjiang_onshorewind_candidate10,0.0,0.0,0.0,0.0,0.0,0.1,0.0
xinjiang_onshorewind_candidate11,0.0,0.0,0.0,0.0,0.0,0.1,0.0
guangdong_onshorewind_candidate1,0.0,0.0,0.0,0.0,0.0,0.0,0.1
guangdong_onshorewind_candidate2,0.0,0.0,0.0,0.0,0.0,0.0,0.1
guangdong_onshorewind_candidate3,0.0,0.0,0.0,0.0,0.0,0.0,0.1
guangdong_onshorewind_candidate4,0.0,0.0,0.0,0.0,0.0,0.0,0.1
guangdong_onshorewind_candidate5,0.0,0.0,0.0,0.0,0.0,0.0,0.1
guangdong_onshorewind_candidate6,0.0,0.0,0.0,0.0,0.0,0.0,0.1
guangdong_onshorewind_candidate7,0.0,0.0,0.0,0.0,0.0,0.0,0.1
guangdong_onshorewind_candidate8,0.0,0.0,0.0,0.0,0.0,0.0,0.1
guangdong_onshorewind_candidate9,0.0,0.0,0.0,0.0,0.0,0.0,0.1
guangdong_onshorewind_candidate10,0.0,0.0,0.0,0.0,0.0,0.0,0.1
guangdong_onshorewind_candidate11,0.0,0.0,0.0,0.0,0.0,0.0,0.1
guangdong_onshorewind_candidate13,0.0,0.0,0.0,0.0,0.0,0.0,0.1
guangxi_onshorewind_candidate1,0.0,0.0,0.0,0.0,0.0,0.0,0.1
guangxi_onshorewind_candidate4,0.0,0.0,0.0,0.0,0.0,0.0,0.1
guangxi_onshorewind_candidate5,0.0,0.0,0.0,0.0,0.0,0.0,0.1
guangxi_onshorewind_candidate6,0.0,0.0,0.0,0.0,0.0,0.0,0.1
guangxi_onshorewind_candidate7,0.0,0.0,0.0,0.0,0.0,0.0,0.1
guangxi_onshorewind_candidate8,0.0,0.0,0.0,0.0,0.0,0.0,0.1
guangxi_onshorewind_candidate9,0.0,0.0,0.0,0.0,0.0,0.0,0.1
guangxi_onshorewind_candidate10,0.0,0.0,0.0,0.0,0.0,0.0,0.1
guangxi_onshorewind_candidate11,0.0,0.0,0.0,0.0,0.0,0.0,0.1
guangxi_onshorewind_candidate12,0.0,0.0,0.0,0.0,0.0,0.0,0.1
guangxi_onshorewind_candidate13,0.0,0.0,0.0,0.0,0.0,0.0,0.1
guangxi_onshorewind_candidate14,0.0,0.0,0.0,0.0,0.0,0.0,0.1
guangxi_onshorewind_candidate15,0.0,0.0,0.0,0.0,0.0,0.0,0.1
hainan_onshorewind_candidate1,0.0,0.0,0.0,0.0,0.0,0.0,0.1
hainan_onshorewind_candidate2,0.0,0.0,0.0,0.0,0.0,0.0,0.1
hainan_onshorewind_candidate3,0.0,0.0,0.0,0.0,0.0,0.0,0.1
hainan_onshorewind_candidate4,0.0,0.0,0.0,0.0,0.0,0.0,0.1
guizhou_onshorewind_candidate1,0.0,0.0,0.0,0.0,0.0,0.0,0.1
guizhou_onshorewind_candidate3,0.0,0.0,0.0,0.0,0.0,0.0,0.1
guizhou_onshorewind_candidate4,0.0,0.0,0.0,0.0,0.0,0.0,0.1
guizhou_onshorewind_candidate5,0.0,0.0,0.0,0.0,0.0,0.0,0.1
guizhou_onshorewind_candidate6,0.0,0.0,0.0,0.0,0.0,0.0,0.1
guizhou_onshorewind_candidate7,0.0,0.0,0.0,0.0,0.0,0.0,0.1
yunnan_onshorewind_candidate1,0.0,0.0,0.0,0.0,0.0,0.0,0.1
yunnan_onshorewind_candidate3,0.0,0.0,0.0,0.0,0.0,0.0,0.1
yunnan_onshorewind_candidate4,0.0,0.0,0.0,0.0,0.0,0.0,0.1
yunnan_onshorewind_candidate5,0.0,0.0,0.0,0.0,0.0,0.0,0.1
yunnan_onshorewind_candidate6,0.0,0.0,0.0,0.0,0.0,0.0,0.1
yunnan_onshorewind_candidate7,0.0,0.0,0.0,0.0,0.0,0.0,0.1
yunnan_onshorewind_candidate8,0.0,0.0,0.0,0.0,0.0,0.0,0.1
yunnan_onshorewind_candidate9,0.0,0.0,0.0,0.0,0.0,0.0,0.1
yunnan_onshorewind_candidate10,0.0,0.0,0.0,0.0,0.0,0.0,0.1
yunnan_onshorewind_candidate11,0.0,0.0,0.0,0.0,0.0,0.0,0.1
yunnan_onshorewind_candidate12,0.0,0.0,0.0,0.0,0.0,0.0,0.1
yunnan_onshorewind_candidate13,0.0,0.0,0.0,0.0,0.0,0.0,0.1
yunnan_onshorewind_candidate14,0.0,0.0,0.0,0.0,0.0,0.0,0.1
XJ2wu_onshorewind_candidate,0.0,0.0,0.0,0.0,0.1,0.0,0.0
XJ2liu_onshorewind_candidate,0.0,0.0,0.0,0.1,0.0,0.0,0.0
XJ2qi_onshorewind_candidate,0.0,0.0,0.0,0.1,0.0,0.0,0.0
XJ2ba_onshorewind_candidate,0.0,0.0,0.0,0.0,0.0,0.0,0.1
NX2wu_onshorewind_candidate,0.0,0.0,0.0,0.1,0.0,0.0,0.0
GS2baer_onshorewind_candidate,0.0,0.0,0.1,0.0,0.0,0.0,0.0
QH2delingha_onshorewind_candidate,0.0,0.0,0.0,0.0,0.0,0.0,0.1
QH2dongxitai_onshorewind_candidate,0.0,0.0,0.0,0.0,0.0,0.0,0.1
jibei_offshorewind_candidate1,0.1,0.0,0.0,0.0,0.0,0.0,0.0
jibei_offshorewind_candidate2,0.1,0.0,0.0,0.0,0.0,0.0,0.0
shandong_offshorewind_candidate1,0.1,0.0,0.0,0.0,0.0,0.0,0.0
shandong_offshorewind_candidate2,0.1,0.0,0.0,0.0,0.0,0.0,0.0
shandong_offshorewind_candidate3,0.1,0.0,0.0,0.0,0.0,0.0,0.0
liaoning_offshorewind_candidate1,0.0,0.1,0.0,0.0,0.0,0.0,0.0
liaoning_offshorewind_candidate2,0.0,0.1,0.0,0.0,0.0,0.0,0.0
liaoning_offshorewind_candidate3,0.0,0.1,0.0,0.0,0.0,0.0,0.0
liaoning_offshorewind_candidate4,0.0,0.1,0.0,0.0,0.0,0.0,0.0
liaoning_offshorewind_candidate5,0.0,0.1,0.0,0.0,0.0,0.0,0.0
shanghai_offshorewind_candidate1,0.0,0.0,0.1,0.0,0.0,0.0,0.0
shanghai_offshorewind_candidate2,0.0,0.0,0.1,0.0,0.0,0.0,0.0
shanghai_offshorewind_candidate3,0.0,0.0,0.1,0.0,0.0,0.0,0.0
shanghai_offshorewind_candidate4,0.0,0.0,0.1,0.0,0.0,0.0,0.0
shanghai_offshorewind_candidate5,0.0,0.0,0.1,0.0,0.0,0.0,0.0
shanghai_offshorewind_candidate6,0.0,0.0,0.1,0.0,0.0,0.0,0.0
jiangsu_offshorewind_candidate1,0.0,0.0,0.1,0.0,0.0,0.0,0.0
jiangsu_offshorewind_candidate2,0.0,0.0,0.1,0.0,0.0,0.0,0.0
jiangsu_offshorewind_candidate3,0.0,0.0,0.1,0.0,0.0,0.0,0.0
jiangsu_offshorewind_candidate4,0.0,0.0,0.1,0.0,0.0,0.0,0.0
jiangsu_offshorewind_candidate5,0.0,0.0,0.1,0.0,0.0,0.0,0.0
zhejiang_offshorewind_candidate1,0.0,0.0,0.1,0.0,0.0,0.0,0.0
zhejiang_offshorewind_candidate2,0.0,0.0,0.1,0.0,0.0,0.0,0.0
zhejiang_offshorewind_candidate3,0.0,0.0,0.1,0.0,0.0,0.0,0.0
zhejiang_offshorewind_candidate4,0.0,0.0,0.1,0.0,0.0,0.0,0.0
fujian_offshorewind_candidate2,0.0,0.0,0.1,0.0,0.0,0.0,0.0
fujian_offshorewind_candidate3,0.0,0.0,0.1,0.0,0.0,0.0,0.0
guangdong_offshorewind_candidate1,0.0,0.0,0.0,0.0,0.0,0.0,0.1
guangdong_offshorewind_candidate2,0.0,0.0,0.0,0.0,0.0,0.0,0.1
guangdong_offshorewind_candidate3,0.0,0.0,0.0,0.0,0.0,0.0,0.1
guangdong_offshorewind_candidate4,0.0,0.0,0.0,0.0,0.0,0.0,0.1
guangxi_offshorewind_candidate1,0.0,0.0,0.0,0.0,0.0,0.0,0.1
guangxi_offshorewind_candidate2,0.0,0.0,0.0,0.0,0.0,0.0,0.1
hainan_offshorewind_candidate1,0.0,0.0,0.0,0.0,0.0,0.0,0.1
hainan_offshorewind_candidate2,0.0,0.0,0.0,0.0,0.0,0.0,0.1
hainan_offshorewind_candidate3,0.0,0.0,0.0,0.0,0.0,0.0,0.1
hainan_offshorewind_candidate4,0.0,0.0,0.0,0.0,0.0,0.0,0.1
hainan_offshorewind_candidate5,0.0,0.0,0.0,0.0,0.0,0.0,0.1
beijing_dpv_candidate,0.1,0.0,0.0,0.0,0.0,0.0,0.0
tianjin_dpv_candidate,0.1,0.0,0.0,0.0,0.0,0.0,0.0
jibei_dpv_candidate,0.1,0.0,0.0,0.0,0.0,0.0,0.0
jinan_dpv_candidate,0.1,0.0,0.0,0.0,0.0,0.0,0.0
shanxi_dpv_candidate,0.1,0.0,0.0,0.0,0.0,0.0,0.0
shandong_dpv_candidate,0.1,0.0,0.0,0.0,0.0,0.0,0.0
mengxi_dpv_candidate,0.1,0.0,0.0,0.0,0.0,0.0,0.0
mengdong_dpv_candidate,0.0,0.1,0.0,0.0,0.0,0.0,0.0
liaoning_dpv_candidate,0.0,0.1,0.0,0.0,0.0,0.0,0.0
jilin_dpv_candidate,0.0,0.1,0.0,0.0,0.0,0.0,0.0
heilongjiang_dpv_candidate,0.0,0.1,0.0,0.0,0.0,0.0,0.0
shanghai_dpv_candidate,0.0,0.0,0.1,0.0,0.0,0.0,0.0
jiangsu_dpv_candidate,0.0,0.0,0.1,0.0,0.0,0.0,0.0
zhejiang_dpv_candidate,0.0,0.0,0.1,0.0,0.0,0.0,0.0
anhui_dpv_candidate,0.0,0.0,0.1,0.0,0.0,0.0,0.0
fujian_dpv_candidate,0.0,0.0,0.1,0.0,0.0,0.0,0.0
jiangxi_dpv_candidate,0.0,0.0,0.0,0.1,0.0,0.0,0.0
henan_dpv_candidate,0.0,0.0,0.0,0.1,0.0,0.0,0.0
hubei_dpv_candidate,0.0,0.0,0.0,0.1,0.0,0.0,0.0
hunan_dpv_candidate,0.0,0.0,0.0,0.1,0.0,0.0,0.0
chongqing_dpv_candidate,0.0,0.0,0.0,0.0,0.1,0.0,0.0
sichuan_dpv_candidate,0.0,0.0,0.0,0.0,0.1,0.0,0.0
xizang_dpv_candidate,0.0,0.0,0.0,0.0,0.1,0.0,0.0
shaanxi_dpv_candidate,0.0,0.0,0.0,0.0,0.0,0.1,0.0
gansu_dpv_candidate,0.0,0.0,0.0,0.0,0.0,0.1,0.0
qinghai_dpv_candidate,0.0,0.0,0.0,0.0,0.0,0.1,0.0
ningxia_dpv_candidate,0.0,0.0,0.0,0.0,0.0,0.1,0.0
xinjiang_dpv_candidate,0.0,0.0,0.0,0.0,0.0,0.1,0.0
guangdong_dpv_candidate,0.0,0.0,0.0,0.0,0.0,0.0,0.1
guangxi_dpv_candidate,0.0,0.0,0.0,0.0,0.0,0.0,0.1
hainan_dpv_candidate,0.0,0.0,0.0,0.0,0.0,0.0,0.1
guizhou_dpv_candidate,0.0,0.0,0.0,0.0,0.0,0.0,0.1
yunnan_dpv_candidate,0.0,0.0,0.0,0.0,0.0,0.0,0.1
XZ2zanggan_upv_candidate,0.0,0.0,0.0,0.1,0.0,0.0,0.0
MX2zhejiang_upv_candidate,0.0,0.0,0.1,0.0,0.0,0.0,0.0
MX2zhejiang_onshorewind_candidate,0.0,0.0,0.1,0.0,0.0,0.0,0.0
MX2henan_upv_candidate,0.0,0.0,0.0,0.1,0.0,0.0,0.0
MX2henan_onshorewind_candidate,0.0,0.0,0.0,0.1,0.0,0.0,0.0
MX2hubei_upv_candidate,0.0,0.0,0.0,0.1,0.0,0.0,0.0
MX2hubei_onshorewind_candidate,0.0,0.0,0.0,0.1,0.0,0.0,0.0
MX2hunan_upv_candidate,0.0,0.0,0.0,0.1,0.0,0.0,0.0
MX2hunan_onshorewind_candidate,0.0,0.0,0.0,0.1,0.0,0.0,0.0
JL2hebei_upv_candidate,0.0,0.0,0.0,0.0,0.0,0.0,0.0
JL2hebei_onshorewind_candidate,0.0,0.0,0.0,0.0,0.0,0.0,0.0
JL2shandong_upv_candidate,0.1,0.0,0.0,0.0,0.0,0.0,0.0
JL2shandong_onshorewind_candidate,0.1,0.0,0.0,0.0,0.0,0.0,0.0
HLJ2jjt_upv_candidate,0.0,0.0,0.0,0.0,0.0,0.0,0.0
HLJ2jjt_onshorewind_candidate,0.0,0.0,0.0,0.0,0.0,0.0,0.0
HLJ2hebei_upv_candidate,0.0,0.0,0.0,0.0,0.0,0.0,0.0
HLJ2hebei_onshorewind_candidate,0.0,0.0,0.0,0.0,0.0,0.0,0.0
HLJ2shandong_upv_candidate,0.1,0.0,0.0,0.0,0.0,0.0,0.0
HLJ2shandong_onshorewind_candidate,0.1,0.0,0.0,0.0,0.0,0.0,0.0
XZ2henan_upv_candidate,0.0,0.0,0.0,0.1,0.0,0.0,0.0
XZ2hubei_upv_candidate,0.0,0.0,0.0,0.1,0.0,0.0,0.0
XZ2hunan_upv_candidate,0.0,0.0,0.0,0.1,0.0,0.0,0.0
XZ2sichuan_upv_candidate,0.0,0.0,0.0,0.0,0.1,0.0,0.0
SAX2shanghai_upv_candidate,0.0,0.0,0.1,0.0,0.0,0.0,0.0
SAX2shanghai_onshorewind_candidate,0.0,0.0,0.1,0.0,0.0,0.0,0.0
SAX2jiangsu_upv_candidate,0.0,0.0,0.1,0.0,0.0,0.0,0.0
SAX2jiangsu_onshorewind_candidate,0.0,0.0,0.1,0.0,0.0,0.0,0.0
SAX2zhejiang_upv_candidate,0.0,0.0,0.1,0.0,0.0,0.0,0.0
SAX2zhejiang_onshorewind_candidate,0.0,0.0,0.1,0.0,0.0,0.0,0.0
SAX2hunan_upv_candidate,0.0,0.0,0.0,0.1,0.0,0.0,0.0
SAX2hunan_onshorewind_candidate,0.0,0.0,0.0,0.1,0.0,0.0,0.0
SAX2jiangxi_upv_candidate,0.0,0.0,0.0,0.1,0.0,0.0,0.0
SAX2jiangxi_onshorewind_candidate,0.0,0.0,0.0,0.1,0.0,0.0,0.0
GS2hebei_upv_candidate,0.0,0.0,0.0,0.0,0.0,0.0,0.0
GS2hebei_onshorewind_candidate,0.0,0.0,0.0,0.0,0.0,0.0,0.0
GS2jiangsu_upv_candidate,0.0,0.0,0.1,0.0,0.0,0.0,0.0
GS2jiangsu_onshorewind_candidate,0.0,0.0,0.1,0.0,0.0,0.0,0.0
GS2henan_upv_candidate,0.0,0.0,0.0,0.1,0.0,0.0,0.0
GS2henan_onshorewind_candidate,0.0,0.0,0.0,0.1,0.0,0.0,0.0
GS2hubei_upv_candidate,0.0,0.0,0.0,0.1,0.0,0.0,0.0
GS2hubei_onshorewind_candidate,0.0,0.0,0.0,0.1,0.0,0.0,0.0
GS2jiangxi_upv_candidate,0.0,0.0,0.0,0.1,0.0,0.0,0.0
GS2jiangxi_onshorewind_candidate,0.0,0.0,0.0,0.1,0.0,0.0,0.0
GS2chongqing_upv_candidate,0.0,0.0,0.0,0.0,0.1,0.0,0.0
GS2chongqing_onshorewind_candidate,0.0,0.0,0.0,0.0,0.1,0.0,0.0
QH2jiangsu_upv_candidate,0.0,0.0,0.1,0.0,0.0,0.0,0.0
QH2jiangsu_onshorewind_candidate,0.0,0.0,0.1,0.0,0.0,0.0,0.0
QH2anhui_upv_candidate,0.0,0.0,0.1,0.0,0.0,0.0,0.0
QH2anhui_onshorewind_candidate,0.0,0.0,0.1,0.0,0.0,0.0,0.0
QH2hubei_upv_candidate,0.0,0.0,0.0,0.1,0.0,0.0,0.0
QH2hubei_onshorewind_candidate,0.0,0.0,0.0,0.1,0.0,0.0,0.0
QH2hunan_upv_candidate,0.0,0.0,0.0,0.1,0.0,0.0,0.0
QH2hunan_onshorewind_candidate,0.0,0.0,0.0,0.1,0.0,0.0,0.0
QH2jiangxi_upv_candidate,0.0,0.0,0.0,0.1,0.0,0.0,0.0
QH2jiangxi_onshorewind_candidate,0.0,0.0,0.0,0.1,0.0,0.0,0.0
QH2sichuan_upv_candidate,0.0,0.0,0.0,0.0,0.1,0.0,0.0
QH2sichuan_onshorewind_candidate,0.0,0.0,0.0,0.0,0.1,0.0,0.0
QH2chongqing_upv_candidate,0.0,0.0,0.0,0.0,0.1,0.0,0.0
QH2chongqing_onshorewind_candidate,0.0,0.0,0.0,0.0,0.1,0.0,0.0
NX2shanghai_upv_candidate,0.0,0.0,0.1,0.0,0.0,0.0,0.0
NX2shanghai_onshorewind_candidate,0.0,0.0,0.1,0.0,0.0,0.0,0.0
NX2jiangsu_upv_candidate,0.0,0.0,0.1,0.0,0.0,0.0,0.0
NX2jiangsu_onshorewind_candidate,0.0,0.0,0.1,0.0,0.0,0.0,0.0
NX2anhui_upv_candidate,0.0,0.0,0.1,0.0,0.0,0.0,0.0
NX2anhui_onshorewind_candidate,0.0,0.0,0.1,0.0,0.0,0.0,0.0
NX2jiangxi_upv_candidate,0.0,0.0,0.0,0.1,0.0,0.0,0.0
NX2jiangxi_onshorewind_candidate,0.0,0.0,0.0,0.1,0.0,0.0,0.0
XJ2hubei_upv_candidate,0.0,0.0,0.0,0.1,0.0,0.0,0.0
XJ2hubei_onshorewind_candidate,0.0,0.0,0.0,0.1,0.0,0.0,0.0
XJ2guizhou_upv_candidate,0.0,0.0,0.0,0.0,0.0,0.0,0.1
XJ2guizhou_onshorewind_candidate,0.0,0.0,0.0,0.0,0.0,0.0,0.1
MD2beijing_upv_candidate,0.0,0.0,0.0,0.0,0.0,0.0,0.0
MD2beijing_onshorewind_candidate,0.0,0.0,0.0,0.0,0.0,0.0,0.0
MD2hebei_upv_candidate,0.0,0.0,0.0,0.0,0.0,0.0,0.0
MD2hebei_onshorewind_candidate,0.0,0.0,0.0,0.0,0.0,0.0,0.0
MD2shandong_upv_candidate,0.1,0.0,0.0,0.0,0.0,0.0,0.0
MD2shandong_onshorewind_candidate,0.1,0.0,0.0,0.0,0.0,0.0,0.0
MD2henan_upv_candidate,0.0,0.0,0.0,0.1,0.0,0.0,0.0
MD2henan_onshorewind_candidate,0.0,0.0,0.0,0.1,0.0,0.0,0.0
MD2hubei_upv_candidate,0.0,0.0,0.0,0.1,0.0,0.0,0.0
MD2hubei_onshorewind_candidate,0.0,0.0,0.0,0.1,0.0,0.0,0.0
MD2anhui_upv_candidate,0.0,0.0,0.1,0.0,0.0,0.0,0.0
MD2anhui_onshorewind_candidate,0.0,0.0,0.1,0.0,0.0,0.0,0.0
MD2jiangsu_upv_candidate,0.0,0.0,0.1,0.0,0.0,0.0,0.0
MD2jiangsu_onshorewind_candidate,0.0,0.0,0.1,0.0,0.0,0.0,0.0
MD2shanghai_upv_candidate,0.0,0.0,0.1,0.0,0.0,0.0,0.0
MD2shanghai_onshorewind_candidate,0.0,0.0,0.1,0.0,0.0,0.0,0.0
MD2zhejiang_upv_candidate,0.0,0.0,0.1,0.0,0.0,0.0,0.0
MD2zhejiang_onshorewind_candidate,0.0,0.0,0.1,0.0,0.0,0.0,0.0
